id,localName,checkNum,lat,lng
44565,和平里医院停车场,1,39.95893502,116.4136799
44933,地下停车场,1,39.89283411,116.4428338
47170,安华西里三区交通部宿舍,1,39.964733,116.3990139
47660,中国石化加油站,1,39.95945491,116.4126701
47712,土城加油站,1,39.97569288,116.380912
49823,台球录像休闲厅,1,39.81941792,116.499695
54680,江苏省建筑工程公司,1,39.94271209,116.4399119
54682,西城区土木建筑工程培训学校,1,39.94813901,116.391605
54858,北京沃尔德建筑工程有限公司,1,39.91956504,116.3316851
54905,中船建筑工程设计研究院,1,39.92773899,116.3251409
55038,北京新新建筑工程公司,1,39.89419206,116.2643479
55067,建工集团第二建筑工程公司第十六工程部,1,39.91380103,116.2527289
55099,北京电信建筑工程公司工程处第一办事处,1,39.89541494,116.390277
62532,长春印刷机械有限责任公司驻北京办事处,1,39.90346601,116.4340449
62588,杭州杰牌建设机械有限公司,1,39.87037192,116.4323089
62650,北京准星电子设备有限公司,1,39.92300007,116.425662
64750,北京市博瑞祥泰汽车销售中心,1,39.85533693,116.393613
64892,北京庆洋汽车服务有限公司（菜户营店）,1,39.868724,116.3402179
67461,颐年园西城区德胜街道办事处,1,39.95979593,116.3872679
68097,神威冠立上网服务,1,39.96536411,116.3850249
77363,北京蓝天多维科技有限公司,1,39.8984489,116.332869
78043,北京市电信工程局,1,39.89191499,116.4403431
185587,中港皮具商贸城,1,23.15388788,113.2618308
185730,盛亿皮具城,1,23.1520589,113.2617132
191176,佳成办公设备用品商场,1,23.13885115,113.2515338
194833,大昌建筑工程有限公司,1,23.13839486,113.3082119
195086,新兴县建筑工程公司,1,23.15812499,113.2531549
202146,建业鞋料,1,23.11690298,113.2596881
203161,广州睿智电子技术有限公司,1,23.1167081,113.2617641
203718,帕斯威电子有限公司(广州分公司),1,23.152599,113.301493
205480,力霸汽车改装有限公司,1,23.15422297,113.3020801
205482,梅花园汽车销售服务有限公司,1,23.17942688,113.3185589
206710,美珈宜贸易有限公司,1,23.11657304,113.2617651
217387,广州市亚太天能电子科技有限公司,1,23.152599,113.301493
266632,"TBI CLUB",1,31.19751589,121.42847
273726,上海市公安局普陀公安分局新上海影都治安值班室,1,31.26210892,121.4378909
273893,宜川路泰山三村居委会房屋租赁治安管理站,1,31.25842811,121.4489238
274020,普陀公安分局万里派出所车辆集中管理点,1,31.26657596,121.414043
274024,上海市公安局长宁分局刑事侦查支队八队,1,31.22166804,121.3667671
274096,万里派出所香泉警务室,1,31.26509691,121.4113038
274491,东苑上海丽晶高级服务公寓,1,31.22195791,121.4779691
275447,第六加油站,1,31.25137304,121.511478
275778,长乐加油站,1,31.22113302,121.4610159
277912,星光摄影器材城(卢湾店),1,31.20310212,121.474607
280952,华阳路街道市场税务办公室,1,31.22434508,121.424109
281301,上海南利建筑装饰工程有限公司,1,31.20487092,121.475017
281428,上海卢湾区房屋动拆迁有限公司西藏路（淮海路-复兴路）道路改建工程动迁工作组,1,31.22143609,121.4815559
281460,河南路改建工程闸北段动迁基地办公室,1,31.24590288,121.4813061
281671,虹口乍浦市政工程队,1,31.27686997,121.4937321
283043,上海佘山国家旅游度假区管委会,1,31.21264088,121.486342
285284,捷泰旅行社,1,31.29143103,121.4902161
288016,澳大利亚CK服装有限公司上海代表处,1,31.23032192,121.460868
288074,上海臻琳针织服装有限公司,1,31.23596499,121.437729
288113,上海宏海服装有限公司,1,31.25367492,121.508714
288439,（恒源祥集团）上海康强服饰有限公司,1,31.21057199,121.501465
288440,上海梦青服饰有限公司,1,31.21030101,121.5018271
288984,浦东国际机场货运站公司,1,31.167312,121.8038689
291143,上海航空公司售票处,1,31.26191604,121.4376508
291260,上海站（宜川火车售票处）,1,31.2622161,121.4380991
291400,上海铁路国际旅游（集团）有限公司票务分公司航东路代售点,1,31.18110803,121.3530821
291944,上海众产贸易有限公司,1,31.22244303,121.4803898
292936,上海壹佳电器技术服务有限公司（大连路店）,1,31.25502603,121.5150359
293934,上海黄浦区码头食品店黄1006,1,31.2152399,121.5068971
300026,28路公交车站,1,31.25129106,121.5115651
300349,大同口腔门诊部,1,31.20034188,121.4684329
300742,曙光医院发热门诊,1,31.22249006,121.4802041
300751,淮海社区卫生服务中心,1,31.21909414,121.4805431
300784,淮海居委红十字卫生站,1,31.21319889,121.451074
302886,中国联通宜川路营业厅,1,31.26117605,121.4386868
302890,中国联通大连路营业厅,1,31.26566692,121.5061779
303406,澳汰尔工程软件（上海）有限公司,1,31.25078,121.515574
487460,中国证券登记结算有限公司深圳分公司,1,22.539533,114.098575
489347,佳祥商店,1,22.55698814,114.102934
698363,荔湾区海南立交加油站,1,23.04657493,113.2165541
698381,冠德油站,1,23.04680601,113.216641
705459,东快信息航空服务有限公司,1,23.11365102,113.2843151
705535,民航广发售票处,1,23.13357811,113.3139391
710573,广州安泰第二医疗门诊部,1,23.11937689,113.3141611
793610,文化用品市场（庆春路店）,1,30.25758996,120.1817581
794454,馨艺楼梯有限公司,1,30.31447805,120.1576632
794842,湖墅路改造工程指挥部,1,30.28156687,120.1522991
794913,建筑工程设计院,1,30.29216687,120.1484699
794945,下城区市政园林工程公司,1,30.26605898,120.183183
795323,白鹿鞋类批发市场,1,30.27284293,120.1589821
796627,众泰手机延安店,1,30.26432093,120.164087
797818,杭州世海服装有限公司,1,30.32496712,120.2019719
800797,甬兴电器经营部,1,30.27688795,120.1551891
802752,下城区中西医结合医院天驰门诊部,1,30.30351892,120.1848929
1544064,"Parkway Health(淡水路门诊部)",1,31.21870993,121.4731589
1552159,上航旅游(大连西路店),1,31.27620088,121.4975908
1556970,中国工商银行(未来假日花园分理处),1,39.86262193,116.3872078
1558431,中石化加油站(杨树浦路4站),1,31.25147107,121.5111209
1558733,中进汽贸上海进口汽车贸易公司(吴中路店),1,31.18388202,121.4010058
1558745,中通旅行社,1,39.96467595,116.398849
1578339,北空温泉招待所,1,39.88375606,116.4444519
1591783,和平潮洲牛肉店,1,22.53506791,114.1130131
1606604,太阳岛138客房,1,31.23667192,121.449123
1620465,巫山烤鱼,1,40.05654308,116.3309049
1626690,御龙服装市场,1,23.15872795,113.2556681
1631378,"手机专卖 ",1,31.23225191,121.471968
1631439,打浦街道卫生服务中心,1,31.20662392,121.478813
1644302,杏花楼食品专卖(密云路店),1,31.27897007,121.496521
1660371,海洋国旅旅行社(学院南路店),1,39.95814194,116.3690751
1664825,溢磬牛肉店,1,23.15008685,113.2639039
1669106,爽辣棒棒鸡(洋桥店),1,39.86248811,116.3872109
1673903,申北面馆,1,31.25637914,121.4765969
1675585,百富源酒楼(和平里店),1,39.957244,116.423297
1678282,真锅咖啡厅(蒙自路店),1,31.20533405,121.4781421
1682914,笑舟花店,1,30.26320806,120.2069159
1684663,素英家政服务,1,31.24024608,121.3621829
1693101,老山东炒货,1,31.21514298,121.4787751
1700517,苏菲雅婚纱摄影,1,39.94899209,116.424863
1711196,赛百味(淮太店),1,31.22354487,121.4745309
1715261,都麦食品(吴中路店),1,31.184316,121.405068
1718599,金桂美食,1,23.14997896,113.2652131
1725160,闸北区牙病防治所,1,31.26415805,121.4684429
1735557,香阁丽面馆,1,31.20791291,121.481743
2115476,皇岗口岸汽车检测站,1,22.52207514,114.0699989
2115764,韩诺思电子技术开发有限公司,1,22.529969,114.0813329
2115817,腾达搬家服务,1,22.52981106,114.083306
2115986,环宇飞扬（北京）数码科技有限公司深圳分公司,1,22.53922308,114.0890509
2164271,中普讯电信营业厅,1,39.87715205,116.3126931
2167037,中国联通宇时行合作营业厅,1,39.93543509,116.396157
2167207,中国移动蒋宅口营业厅,1,39.96165496,116.407478
2167228,北京电信甘水桥营业厅,1,39.96254308,116.408457
2167471,中国移动国信通达和平里营业厅,1,39.95703198,116.4224299
2368542,东部软件园停车场,1,30.27804612,120.14602
2370536,浙江文艺出版社,1,30.27014105,120.1601479
2370537,浙江电子音像出版社,1,30.27014105,120.1601479
2370538,浙江省期刊出版中心,1,30.27014105,120.1601479
2370539,浙江科学技术出版社,1,30.27014105,120.1601479
2371207,下城区天水武林社区卫生服务中心,1,30.26894109,120.1649859
2373194,西部时报浙江记者站,1,30.26618697,120.1837761
2373195,西部时报社驻浙江工作站,1,30.26618697,120.1837761
2486346,中国移动通信有限责任公司上海有限公司南京西路营业厅,1,31.23002491,121.4589211
2486771,中国移动通信（斜土路营业厅）,1,31.20438714,121.47789
2564497,凉果厂,1,39.91248796,116.3279719
2576978,澳门新苑,1,31.24650713,121.4470141
2583327,中环家园一期,1,31.26553309,121.4111308
2587687,锦绣江南三期,1,22.63850212,114.0267489
2654902,"尚广广告 Soul Advertising",1,23.10910105,113.3585419
2662123,友谊稻香海鲜火锅,1,22.538044,114.120266
2690798,中国雷锋资料馆办事处,1,39.89971208,116.3930541
2691240,景山公园售票处,1,39.92580088,116.3991259
2691405,二人行巴渝小厨川菜馆,1,39.96814007,116.4007781
2771647,上海机场（集团）有限公司虹桥国际机场公司运行保障分公司灯光科,1,31.1808929,121.344143
2772779,"SIXTY NINE CLOTHING STORE",1,31.18820104,121.3873722
2774789,锦江之星旅馆,1,31.20711199,121.4769351
2774827,上海建设机场道路工程有限公司,1,31.19887899,121.4807291
3136017,鸿晖美食,1,23.10886114,113.2546968
3137216,幸运楼酒家,1,23.11652,113.2673991
3141329,华夏银行(五羊新城营业厅),1,23.12029207,113.313393
3141339,广东中旅,1,23.12024212,113.3138821
3172092,小豆面馆(马甸店),1,39.96326698,116.3807109
3172918,兰花坊,1,39.93385994,116.391891
3173300,九方洲文化仟禧福喜庆服务部,1,39.9339219,116.3957141
3173487,马聚源,1,39.89591011,116.3971739
3173731,交通宾馆餐厅,1,39.96520788,116.3989231
3176116,星光世纪旅行社,1,39.96184204,116.4138301
3207264,快印先生(柳林路店),1,31.22311509,121.4805189
3221913,豫申园城隍庙小吃世界(新港路店),1,31.26864792,121.502793
3226251,徐汇区斜土社区老年服务中心食堂,1,31.19719812,121.46235
3234633,肯德基(虬江店),1,31.25251008,121.4775319
3238635,慈善基金会,1,31.20972808,121.4823341
3244526,光明便利,1,31.25994711,121.444288
3246456,辣肉丝面馆,1,31.21681207,121.4818878
3246977,菲菲鲜花店,1,31.26148013,121.5070111
3253465,爱利舍外贸内衣行,1,31.22334102,121.4810299
3259020,英豪教育技术培训学校(打浦路分校),1,31.20507797,121.4690139
3265732,强生皇家玫瑰园,1,31.23036206,121.459595
3267549,森霖玩具(襄阳店),1,31.21460306,121.456718
3274441,桔梗(进贤路店),1,31.22149687,121.4599849
3280011,吸趣奶茶,1,39.96343401,116.367622
3280198,隆兴盛名优小吃,1,39.9398711,116.392875
3280203,舢板酒吧,1,39.93772305,116.3938249
3282253,古今内衣(大木桥路店),1,31.1953199,121.4627949
3282262,大桥土特产食品商店,1,31.19448188,121.4636901
3282281,大众面馆,1,31.25460413,121.5119641
3283181,来伊份(大连西路二店),1,31.27600487,121.4990868
3287232,冷饮小商品超市,1,39.82312396,116.507347
3294675,瑞华通手机通讯广场,1,39.80557693,116.416108
3296825,小陈日用百货经营部,1,31.27575901,121.4963309
3297696,大脚丫鞋类批发城,1,31.18920605,121.3772431
3300193,鸿运食品店,1,39.868882,116.4156339
3301608,奇凤日用百货,1,31.22162991,121.3675449
3301932,大中电器有限公司,1,39.90281709,116.2525019
3309216,日用百货,1,39.94350612,116.4393299
3309969,日用百货,1,31.25584002,121.5122971
3311038,日用百货,1,39.86993807,116.37538
3314557,瑞泰酒店宴会厅,1,31.22993489,121.4595491
3339570,琼御品咖啡坊,1,23.15026411,113.2653191
3339572,溢馨牛肉店,1,23.14995892,113.2655021
3350491,南锋汽车用品货仓商场,1,23.15412186,113.3028629
3374514,中新百货,1,22.76036412,113.7903859
3375369,珠江游售票处,1,23.11394304,113.2828949
3375523,美永城少年坊,1,23.11200189,113.254726
3390354,罗湖区桂园实业公司锦湖餐厅,1,22.54019698,114.1370859
3403764,永乐水果专卖店,1,22.52463607,114.025146
3468210,银泰百货,1,30.26800491,120.1637769
3469082,虹翔百货,1,30.27202493,120.1669359
3470794,星巴克(杭州石函店),1,30.26007499,120.157288
3516253,石油大学（北京）实验小楼,1,39.99808098,116.35796
3516265,华东师范大学艺术教育系教学基地,1,31.19736188,121.4872891
3516765,上海市公安局交通警察总队车辆管理所科目三考试点,1,31.15592898,121.4611289
3517801,上海师范大学初等教育学院培训部,1,31.20134389,121.4847649
3517803,二里庄邮电大学宿舍,1,39.997725,116.3672411
3747241,景仁馅饼,1,37.41949681,122.1521598
3747307,"恒xi


大姆指广场",1,36.8289444,121.703099
3750646,元和见过大酒店,1,39.94823103,116.4245559
5020500,中信银行ATM,1,30.30784488,120.084112
5024477,杭州奥地斯纺织制品有限公司,1,30.30726192,120.0970519
5024478,杭州升宇标识制作有限公司,1,30.30726192,120.0970519
5024486,杭州欧亚美玩具制造有限公司,1,30.30772997,120.0967361
5024791,杭州汇康医疗门诊部,1,30.29900604,120.0977081
5024853,余杭塘路口,1,30.29667311,120.0981309
5035129,沙县营养小吃,1,30.29449094,120.122136
5054968,杭州冠洋泳池工程有限公司,1,30.27159291,120.148609
5056255,杭州极速体育用品有限公司,1,30.27765697,120.150156
5067853,停车场,1,30.25897395,120.1605231
5071399,杭州五方羿尔家政,1,30.33086496,120.1633769
5071977,通成物流(蔡马东路),1,30.32531006,120.163564
5076282,好徕坞数码摄影,1,30.27110297,120.1664698
5077169,安庆小吃,1,30.33571898,120.1670479
5077328,中国建设银行24小时自助银行(杭州之江支行),1,30.27048186,120.1672031
5077365,中国移动通信通灵通讯石祥店,1,30.32775489,120.167247
5077778,杭州光与影婚纱摄影,1,30.26980805,120.1674931
5078261,牵手照相馆,1,30.33522908,120.1677851
5078336,中国联通皋亭信海合作营业厅,1,30.32622196,120.1678881
5078530,中国平安保险,1,30.3281039,120.1679032
5078753,奇异鸟奶茶(NO.076),1,30.33462689,120.1679729
5079261,皋亭坝门窗组装厂,1,30.33448307,120.168515
5079441,全家福品牌鞋店,1,30.33499497,120.1685932
5082521,浙一医院,1,30.25905504,120.1764711
5082816,杭州迪拂旅行社有限公司,1,30.24529997,120.1917869
5082916,园丰大酒店,1,30.23988505,120.192905
5089215,杭州天一汽车有限公司,1,30.3305941,120.1725819
5096188,金横桥卷烟,1,30.33262006,120.1744571
5102718,杭州海燕汽车玻璃有限公司,1,30.33256392,120.17374
5107664,明香羊毛衫店,1,30.33352206,120.1701488
5107672,鸿盛洗烫店,1,30.33388696,120.170585
5109084,杭州宏业钢结构有限公司,1,30.33334901,120.1737001
5111866,天津汤包专卖店,1,30.33383805,120.171273
5111867,新闻照相馆,1,30.33385889,120.1711091
5111884,高高通讯,1,30.33456294,120.1711091
5112409,杭州近江商业广场停车场,1,30.23989287,120.193354
5115282,小徐通讯,1,30.33406695,120.1708191
5115677,皇牌台球用品,1,30.32489304,120.171784
5118525,金玻餐饮有限公司,1,30.33335508,120.1742771
5120261,浙江虎牌电缆有限公司,1,30.33142289,120.1727372
5120262,杭州虎牌电气成套有限公司,1,30.33141595,120.1727398
5120263,杭州虎牌仪表仪器有限公司,1,30.33142087,120.1727398
5120270,浙江立德产品技术有限公司,1,30.33171893,120.1730439
5122481,皋亭神龙烟行,1,30.332333,120.172543
5123111,浙江百特科教器材有限公司,1,30.33008709,120.1716422
5123112,杭州灵动经济信息咨询有限公司,1,30.33030703,120.1718209
5127650,中国石化加油站,1,30.33353508,120.2068311
5128081,杭州铭业贸易有限公司神龙桥仓库,1,30.33355013,120.1697391
5128130,吴记小吃,1,30.24228306,120.1913758
5128131,双喜小吃,1,30.24212897,120.1913909
5128676,钱江苑地下停车库,1,30.23682308,120.198764
5130742,环球通讯,1,30.33564808,120.170009
5131855,浙江轻机实业有限公司,1,30.33109589,120.171148
5132508,台州小吃,1,30.33376687,120.1693311
5133068,阿林轮胎,1,30.33541688,120.1760142
5133511,杭州伽盛物流有限公司,1,30.33513908,120.2233669
6001604,华侨大厦停车场,1,23.11530106,113.267832
6023749,中国联通(罗冲围营业厅),1,23.14358787,113.228206
6023988,中国电信(增槎路营业厅),1,23.14224585,113.2284749
6037296,协和中学室内停车场,1,23.14270306,113.240582
6040348,客家王专用停车场,1,23.14245396,113.2430041
6043722,站西路门诊,1,23.15109092,113.2460129
6046382,停车场,1,23.14668588,113.2481529
6046711,大旅店,1,23.14506212,113.248462
6050270,羊城铁路旅行社,1,23.15472113,113.2506769
6056561,家乐商店,1,23.1128021,113.2535311
6056563,新兴隆商店,1,23.11285113,113.2536012
6058807,广明旅店,1,23.15780101,113.254606
6071212,广信桥东大厦,1,23.11253012,113.2131571
6077722,中国工商银行(龙津东路支行),1,23.12511392,113.2520508
6084980,中国南方电网广州中区营业厅,1,23.15918787,113.266352
6085300,中国银行ATM(广园中路支行),1,23.1589801,113.2671161
6086449,南方航空售票处,1,23.15886605,113.2682289
6107161,城市职业学院,1,23.160141,113.27843
6135484,愉景美容美发,1,23.15541196,113.2955559
6141959,芙蓉美容美发,1,23.15837499,113.2997519
6142655,正宗桂林米粉,1,23.15263506,113.2999239
6149985,停车场,1,23.1463221,113.305974
6223393,官洲南苑(北门),1,23.0774169,113.380298
7003395,宠物加油站,1,22.53984396,114.12025
7006122,美联国际英语,1,22.53878212,114.1185401
7009287,华星企时装,1,22.55733307,114.1024469
7009319,万家旺连锁超市(福宁分店),1,22.53095814,114.0813848
7009327,恒兴通讯(福宁街),1,22.53064504,114.0817
7009332,深华时装,1,22.53054099,114.0818291
7011594,景河田地产,1,22.52453294,114.0248989
7020661,港城超市,1,22.51683607,114.0726489
7021266,招商银行24小时自助银行,1,22.56858814,114.089762
7021267,ATM,1,22.56873613,114.08958
7021286,金湖干洗中心,1,22.57016988,114.0899599
7021645,深圳书城培训中心外语中心,1,22.54303812,114.100683
7026756,高通影像技术有限公司,1,22.63527985,114.0264659
7032289,温室摄影工作室,1,22.56218514,114.1019829
7033898,东莞外贸大厦,1,22.5408609,114.1237151
7036274,汽车驾驶员培训中心,1,22.57019094,114.0896219
7036275,飞燕照相馆,1,22.57022592,114.089639
7037697,万源医药有限公司,1,22.5553211,114.104198
7043696,Bakerz180,1,22.53840401,114.1209729
7043702,食通天时尚海鲜楼,1,22.53821511,114.1210621
7044179,Tea元素,1,22.53846687,114.1080051
7044303,神州数码戴尔维修站,1,22.535106,114.0862722
7046187,极度网络技术有限公司,1,22.55378285,114.034585
7051422,贵州茅台集团保健酒业有限公司深圳总经销,1,22.53998703,114.124673
7052179,鲜百惠商店,1,22.51697606,114.0711539
7052942,极品宝石有限公司,1,22.53906608,114.1071699
7053070,长安大酒店,1,22.54473102,114.1318831
7053084,国瑞航空,1,22.54483909,114.131856
7061354,MNSERNO,1,22.53859012,114.1042021
7061364,海去招待所,1,22.53871089,114.104372
7061371,SAURIN,1,22.53862697,114.1044659
7066983,深之明航空铁路售票中心,1,22.52053002,114.0648651
7069078,蛇口医院站,1,22.49009406,113.9214031
7072005,水都酒店,1,22.51789499,114.064157
7072008,原来饰你快乐女孩饰品专卖店,1,22.51849088,114.0641651
7072747,名酒坊,1,22.51864295,114.0637121
7074943,欧点(友谊路),1,22.53858393,114.1207939
7076569,张秀芬中医内科诊所,1,22.558566,113.906598
7084349,常小姐的店,1,22.49899801,113.9243961
7085066,宜佳超市,1,22.54208097,114.1243421
7089264,国涛数码冲印中心,1,22.57000889,114.089527
7089631,深圳航空蛇口售票处,1,22.48977685,113.9248018
7091459,百里臣24小时便利店,1,22.53863905,114.1027801
7093280,创艺音像,1,22.51851813,114.0642519
7097386,侨城汽车服务中心,1,22.53379297,113.9940602
7100261,深圳美意心酒业,1,22.55816999,114.0951949
7101015,深圳seo,1,22.56815811,113.8648012
7101302,康佳集团,1,22.53476412,113.9917531
7107743,DiDi,1,22.53860591,114.120869
7112436,明媚美容美发,1,22.56664291,114.0983981
7123050,智慧源软件技术有限公司,1,22.54129009,114.1029542
7124242,锦厦环卫办员工宿舍区,1,22.78618189,113.8058871
7125180,恒昇置业(渔农村分行),1,22.51662887,114.07031
7126068,优尔浦泳池技术(深圳)有限公司,1,22.53595513,113.9933138
7130351,永兴汽配行,1,22.55997013,114.1027449
7132522,梦依诗,1,22.53086988,114.080205
7132859,福宝超市,1,22.51428088,114.060076
7135169,belloann,1,22.53865794,114.1045001
7135170,牛厨零食专卖店,1,22.53876385,114.1045219
7136610,华兴汽车配件,1,22.53732791,114.1043399
7136673,新辉门业,1,22.51768314,114.0621209
7137585,刘丽梅口腔科诊所,1,22.55820714,113.9071559
7138656,顺风旅行社,1,22.54032085,114.121223
7142123,潘朵拉婚纱礼服工作室,1,22.55108591,113.8959071
7146503,康佳集团股份有限公司,1,22.53438693,113.9926061
7148483,水都酒吧KTV,1,22.51764505,114.0638579
7155233,云海家教,1,22.56963087,114.092278
7155647,南联信航空售票处,1,22.48998998,113.9213539
7169518,天天通讯,1,22.5299851,114.085031
7170351,天天便民店,1,22.52976398,114.0849391
7171449,售票侯车厅,1,22.55973606,114.241956
7173157,停车场,1,22.54274085,114.1290309
7180447,阿美发屋,1,22.56826492,114.0972421
7184347,国宾航空售票处,1,22.54482887,114.1329838
7187258,大拇指生鲜超市,1,22.51112105,114.0610869
7190111,中意数码彩色冲印,1,22.56647293,114.100161
7195299,盐田汽车站,1,22.55968992,114.242765
7198952,仙踪林,1,22.53625706,114.1093972
7203023,莱斯达航空招商大厦营业部,1,22.49050793,113.9209609
7215135,华侨城东部工业区LOFT停车场,1,22.53761497,113.9944068
7218436,友谊商行,1,22.53914814,114.123008
7219655,政府注册平价门诊,1,22.60311206,114.0578609
7220144,四海宜家地下车库,1,22.49262492,113.9246282
7224254,新安宝城商店,1,22.55655714,113.905505
7224358,宝安区三十八区安乐村七队安全文明小区办公室,1,22.55115,113.9020899
7224359,深圳市宝安区新安街道安乐社区第七居民小组,1,22.55115,113.9020899
7234180,筑艺设计有限公司,1,22.51646689,114.061394
7236766,深房广场,1,22.54103091,114.117996
7245123,报刊亭,1,22.51397085,114.0604619
7256893,侨城加油站,1,22.5336149,113.99397
7260129,滨河社区出租物综合管理,1,22.52949703,114.0851319
7260130,合丰货运有限公司,1,22.52979712,114.085554
7260425,水围村站,1,22.51748493,114.0643129
7268896,卡尔迅实业有限公司,1,22.53973992,113.994204
7277122,福田保税区站,1,22.50847408,114.0523231
7282093,风华文具店,1,22.54096897,114.096536
7283512,福田口岸站,1,22.51764288,114.067038
7290168,天地租车,1,22.55848704,114.1103121
7297738,深圳发展银行(宝安支行),1,22.56083892,113.9113891
7301373,深圳信息职业技术学院(西门),1,22.56575186,114.091764
7308718,深圳时代物流有限公司,1,22.56943985,114.1153222
7311758,流星雨花店(深圳花店天虹购物广场分店),1,22.53161405,114.054672
7316202,皇岗口岸(地铁号线规划中),1,22.52721213,114.079047
7333599,求是大厦,1,22.53443896,114.014908
8015140,福贵超市,1,39.80066805,116.3515371
8015768,魅族服饰北京总库,1,39.80180708,116.3509078
8015847,九龙超市,1,39.80178107,116.341626
8016231,成都小吃(黄陈路),1,39.80254994,116.33425
8016896,腾达超市,1,39.80373299,116.3477901
8016951,美康超市,1,39.80393312,116.351911
8017833,福兰德连锁超市,1,39.8049871,116.3521591
8018565,顺达汽修,1,39.80545201,116.4108421
8024338,成都美食(城昌路),1,39.82092204,116.4973591
8029090,上海跃通木工机械,1,39.83179191,116.4287931
8053029,艺尚美容美发,1,39.85508701,116.3894569
8054092,小海龟儿童摄影,1,39.85575594,116.386318
8054490,清香坊美容美发厅,1,39.8559899,116.396904
8054943,天兰尾货服装城,1,39.8563981,116.3986069
8055031,鑫鑫水果店,1,39.85628897,116.386485
8055083,勤祥食品店,1,39.85635589,116.3865701
8055119,华佳旅馆,1,39.85645009,116.3965141
8055257,京烟零售,1,39.85654892,116.3951901
8055454,航空售票处,1,39.85663205,116.402417
8055457,山木培训(木樨园桥),1,39.85643001,116.4025001
8056209,钟爱今生,1,39.85712698,116.388335
8056561,老布特无糖食品,1,39.85741395,116.3913569
8056648,西罗园第二区社区(南门),1,39.85751201,116.3913039
8056894,宝汇苑(南门),1,39.85750094,116.3911909
8056896,北京华通润达中央空调有限责任公司,1,39.85757095,116.3911289
8057260,中铁快运(木樨园桥),1,39.857442,116.4026681
8057269,欢乐堂成人用品,1,39.85746697,116.4025139
8057273,好来服饰,1,39.85747495,116.402305
8057333,火车票机票代售处(木樨园桥),1,39.85747392,116.4022031
8057334,天运通讯(木樨园桥),1,39.85747495,116.4022121
8057348,招待所(木樨园桥),1,39.85747006,116.4020301
8057427,西罗园宾馆,1,39.85768908,116.3954191
8058627,绿源电动车天达利总店,1,39.85839711,116.386487
8059060,中国石化,1,39.85846196,116.4444982
8059759,四川饭店(定安南路),1,39.85904001,116.409091
8060001,西罗园第一医院,1,39.858769,116.394433
8062010,出口服装打折(马家堡东路),1,39.86026712,116.3865101
8062011,兰茜服装店,1,39.86023906,116.3865111
8062817,汇达公寓B座,1,39.86051599,116.390797
8062862,微笑宝宝儿童摄影,1,39.86089302,116.387057
8062890,真友休闲男装,1,39.86092596,116.3865209
8062978,国酒茅台(西罗园路),1,39.86097692,116.3907219
8068594,春阳招待所,1,39.86529397,116.3717841
8068595,北京嘉义典当责任有限公司,1,39.865295,116.371811
8068598,鑫宠宠物用品店,1,39.86529989,116.3718569
8068600,博爱超市,1,39.86531198,116.3722351
8069607,北京南站东进口,1,39.86562105,116.3799079
8069990,捷安特自行车电动车(开阳里三街),1,39.86581998,116.3734471
8070954,人民教育馨教育培训中心,1,39.86632205,116.44189
8071502,北京时尚兴裕印刷制版有限公司,1,39.86632488,116.3417159
8071509,北京佳信达艺术印刷有限公司,1,39.86659508,116.3418359
8073592,荣捷伟华汽配中心,1,39.86790903,116.3409079
8074718,CBA运动装备,1,39.86835293,116.3759751
8074720,东方时速52,1,39.86835293,116.3759751
8076845,北京星光世纪旅行社,1,39.87003097,116.3467789
8078759,黎昌海鲜大酒楼停车场,1,39.8710811,116.4441169
8083455,稻香村(左安门专卖店),1,39.87447096,116.4393818
8090737,北京世纪麒麟珠宝有限公司(六里桥分店),1,39.87914094,116.3123219
8093853,足韵皮鞋养护中心,1,39.88134794,116.317108
8096973,丰台区明帝职业技能培训学校,1,39.88301794,116.3162909
8099264,东方文化艺术学院少儿美术培训部,1,39.88402311,116.31481
8099401,崇文区中国青少年素质教育研究实践基地,1,39.8840159,116.437405
8103277,厚味居老北京炙子烤肉,1,39.88563593,116.390176
8105840,杭州风味小吃(万明路),1,39.88690707,116.3900731
8107316,东阳建筑工程公司(第八分公司),1,39.88794588,116.2867159
8110807,客房洗浴,1,39.88928592,116.29381
8111707,台球用品总汇(珠市口西大街),1,39.88959205,116.3915899
8116450,莲花池西里6号院2号楼,1,39.89157209,116.3056529
8116477,华威国际公寓酒店,1,39.89204001,116.442523
8116487,梦幻美容美发厅,1,39.89201197,116.3977892
8118822,广兴食品店,1,39.89266999,116.4455499
8123031,丽水湾畔家园(东门),1,39.89457405,116.4427661
8123538,崇文区炳文培训学校,1,39.8949401,116.4384431
8123815,北京均富创业商贸有限公司,1,39.89508106,116.3897439
8124565,蔚园停车场,1,39.89549597,116.256828
8124875,北京意昂智德公关策划有限公司,1,39.89560298,116.445738
8125840,中国移动营业厅(莲花池东路辅路),1,39.89586303,116.32447
8125854,北京星明鲜工贸有限公司,1,39.8958921,116.324642
8125858,南虹国际工贸有限公司,1,39.8958921,116.324642
8125864,中一会计师事务所有限责任公司,1,39.8958921,116.324642
8125868,北京中铁联合旅行社有限公司,1,39.8958921,116.324642
8125874,瑞尔威连锁饭店(北京西站店),1,39.8959011,116.3246742
8126033,友乐超市,1,39.89633093,116.4422639
8126291,海南京铁实业贸易开发总公司,1,39.896022,116.3228
8126606,东华国际旅行社,1,39.8963991,116.3181162
8128015,忠实里南街(北门),1,39.89727803,116.444929
8129014,北京天保隆汽车空调有限责任公司,1,39.89739712,116.4443939
8129023,北京鸿腾伟业纺织品有限公司,1,39.89751699,116.4450208
8129031,北京诺沃投资顾问有限公司,1,39.89751699,116.4450208
8129249,香榭羽美容美发,1,39.89765795,116.445619
8129944,玉泉鲁谷批发市场,1,39.89783003,116.2443769
8130502,北京博瑞英菲尼迪汽车销售服务有限公司,1,39.89817702,116.250905
8130840,东海台球,1,39.89845095,116.332866
8132192,海淀区羊坊店培训学校,1,39.89915907,116.3260511
8132324,速洁特洗衣店,1,39.89891189,116.326772
8132954,港中族国际旅行社公司,1,39.89939802,116.329359
8133633,宠物用品中心,1,39.89964598,116.4469081
8133832,宣武区房屋管理局大栅栏管理所,1,39.89980391,116.389016
8134072,中国人民公安大学,1,39.763936,116.368419
8134180,警务工作室,1,39.89986512,116.386712
8134279,京晟旅馆,1,39.89984609,116.3876031
8136128,老上海城隍庙小吃(前门西大街),1,39.90050995,116.3855821
8136478,扬州天地源酒楼,1,39.9004351,116.386942
8136763,崇东旅馆,1,39.90040012,116.429337
8138988,北京明城墙遗址公园停车场,1,39.9016589,116.434756
8139218,中国银河证券有限责任公司,1,39.90214399,116.3950359
8139227,中国人保财险,1,39.90176204,116.3954959
8140403,北京育鹏乐器公司玉泉路店,1,39.90244698,116.2526491
8141084,中电系统宿舍,1,39.90311904,116.2531571
8141525,中国瑞达系统装备公司,1,39.90359512,116.244635
8142376,金泉旅馆,1,39.90358792,116.2502408
8143473,长城汽车配件,1,39.90448399,116.3292071
8143781,鲁谷74号院10号楼,1,39.90464011,116.2441019
8144025,工行ATM,1,39.90433508,116.2481501
8145864,人民大会堂(东门),1,39.90493588,116.394605
8146036,中国工商银行24小时自助银行(北京站支行),1,39.90534096,116.4342809
8146352,北京国铁旅行社,1,39.90531113,116.430156
8147622,金龙建国温泉酒店,1,39.90565396,116.4354682
8148312,中国建设银行(北京第23号),1,39.90576996,116.3936539
8148316,北京国际雕塑公园(雕塑园中街),1,39.90579902,116.2504698
8149162,小鬼当佳儿童摄影连锁机构金源店,1,39.90649112,116.4299401
8151355,雅潇旅馆,1,39.90676605,116.2461709
8151397,天山羊绒,1,39.90712611,116.4299462
8152052,铁路祥和旅行社,1,39.90699109,116.3332619
8152344,北京国际雕塑园,1,39.90718809,116.2505909
8153115,中国嘉德国际拍卖有限公司,1,39.90768111,116.4280331
8153628,北京农商银行24小时自助银行(八宝山分理处),1,39.90766388,116.2479201
8153629,北京农商银行ATM,1,39.90789509,116.24803
8154434,自营加油站(NO.030),1,39.90806689,116.2450149
8155621,北京市农村信用社(玉泉西路分理处),1,39.90795398,116.2458652
8156780,玉泉西街甲11号院1号楼,1,39.90858305,116.244801
8158614,太平洋咖啡(贡院西街),1,39.90960688,116.4305091
8162006,贡院六号停车场,1,39.91063403,116.43158
8163850,停车场,1,39.91128904,116.4267801
8168305,中国工商银行(华润大厦分理处),1,39.91333197,116.4342531
8179228,羊绒专卖,1,39.91762593,116.198323
8187044,枫林亮点美容美发,1,39.92124696,116.2021351
8188949,绿天使汽车装饰,1,39.92218292,116.2007769
8196705,停车场,1,39.92460889,116.4296639
8198372,中国国际多维棋协会甘家口多维棋学习能力训练中心,1,39.92531005,116.3316761
8199225,工百商贸公司仓库,1,39.92537895,116.2070311
8201776,"SilkRoad Business Services",1,39.92707411,116.4317949
8202934,诗情画艺连锁公司,1,39.92747108,116.3332861
8205949,北京农商银行ATM,1,39.92843009,116.2094461
8205950,北京欣红方舟美容美发,1,39.92828406,116.2094699
8205953,建行ATM,1,39.92814599,116.2097921
8205957,国际教育中心,1,39.92803106,116.20982
8207180,北京虹桥旅行社,1,39.92866097,116.4379231
8209967,北方工业大学第四食堂,1,39.92941403,116.2064819
8212170,车公庄西路12号,1,39.93062111,116.327475
8214873,浪潮精剪发艺,1,39.93228811,116.207012
8216652,便利超市(西黄村店),1,39.93299999,116.2069818
8216765,新中街旅游职高,1,39.93307506,116.4367191
8217356,主语城西1停车场,1,39.93311491,116.322642
8219026,佳通轮胎,1,39.93334294,116.209717
8219347,利华公司招待所,1,39.9335571,116.2069731
8220658,北京农商银行(西山分理处),1,39.9339291,116.2089241
8220659,北京农商银行24小时自助银行(西山支行),1,39.933989,116.2087611
8220661,月佳亮超市,1,39.93391496,116.2088929
8220662,北京农商银行ATM,1,39.9339291,116.2089241
8220664,北京民用多电动自行车商店,1,39.93390288,116.2090341
8220669,停车场,1,39.93402988,116.209484
8220871,和平便利店,1,39.93397203,116.2080011
8221247,公共厕所,1,39.93452296,116.3947261
8222980,漓江情桂林米粉,1,39.93541606,116.3960159
8224938,美云阁美容美发,1,39.93631403,116.3322561
8225593,恒通证券,1,39.93660196,116.4420241
8226767,MAX,1,39.93685106,116.392061
8227839,中国工商银行24小时自助银行(地外大街储蓄所),1,39.93759889,116.3955371
8228806,北京爱必克微电子技术有限公司,1,39.93809992,116.3265752
8230582,一朵一果,1,39.9390341,116.394719
8230817,鸦儿胡同居委会,1,39.93913204,116.3932981
8231127,利通商店,1,39.93921199,116.3943831
8231230,万通通讯(地安门外大街),1,39.93924592,116.3961611
8231248,广福观,1,39.93924309,116.3947831
8231304,中远网络,1,39.939249,116.329414
8231422,奶茶绮域记,1,39.93936109,116.3929018
8231557,中共什刹海街道工委前海东沿社区总支部委员会,1,39.93941301,116.3938249
8231624,地安门内冷饮摊,1,39.93947291,116.395684
8231880,北京后海五号酒吧,1,39.93959296,116.39252
8233081,指纹小吃,1,39.93980503,116.386767
8237669,大通证券,1,39.94211907,116.4443298
8238337,首都体育馆(北门),1,39.94216303,116.3283608
8238550,后海幼儿园,1,39.94227793,116.3880279
8238578,天地盛达汽车装饰部,1,39.94251005,116.3902069
8241215,欢乐堂成人用品,1,39.94434512,116.4344439
8241801,时尚潮流美容美发,1,39.94465204,116.3877299
8244974,奥士凯便利店北小街北口店,1,39.94626112,116.425207
8244975,奥士凯连锁公司北小街北口直营店,1,39.94620688,116.425254
8245279,北新桥街道育树社区支部委员会,1,39.94642202,116.4242411
8245310,清水苑社区(西门),1,39.94645312,116.4343601
8245499,东直门北大街甲6号院4号楼,1,39.94801898,116.434581
8245500,东直门北大街甲6号院3号楼,1,39.94824902,116.4346829
8245908,大石桥旅馆,1,39.94656288,116.3927369
8246173,德胜门西大街甲5号院4号楼,1,39.94668908,116.364805
8246464,翠佳丽商店,1,39.94715509,116.4267919
8246475,名烟名酒便利店,1,39.94709289,116.427039
8246485,商海制衣干洗,1,39.94717205,116.365311
8247372,秦记香辣蟹(西直门店),1,39.94763497,116.343927
8247942,京水益群商店,1,39.94801204,116.4349391
8248124,便民美容美发,1,39.94802592,116.3679509
8248518,独唱歌手培训中心,1,39.94800895,116.4273069
8248612,东城区饮食公司文化技术学校,1,39.94839193,116.4345679
8248614,北京清水丽园副食商店,1,39.94845002,116.434987
8248997,东城区北新桥街道市民学校中心校,1,39.94855309,116.4233509
8249250,东直门北大街甲6号院2号楼,1,39.94837908,116.435895
8249425,北京时越网络技术有限公司,1,39.94889905,116.424848
8249935,万国城(东三门),1,39.94909311,116.4368669
8250134,心芯庆典公司,1,39.94901291,116.392465
8250251,华美汽配,1,39.9491021,116.428127
8250571,中北通讯,1,39.94983591,116.371416
8251398,隆源汽车配件,1,39.95001095,116.4395589
8252125,停车场,1,39.95038389,116.4223341
8253113,同一首歌KTV,1,39.95119094,116.3583439
8253544,俪杰美容美发,1,39.95133795,116.4257981
8253629,北京星飞达汽车配件有限公司,1,39.95140812,116.4399019
8254054,北滨河公园(北门),1,39.95128603,116.388852
8255363,海洋国旅,1,39.95205709,116.3688558
8255988,天际视觉摄影,1,39.95245212,116.3689571
8256135,洁尔洗衣店,1,39.95247705,116.3892641
8259127,北京教育学院,1,39.95388908,116.3957621
8259378,石油社区(南门),1,39.9537909,116.3894679
8259409,草栈服饰(新街口外大街),1,39.95432008,116.3711371
8260443,六铺炕三区(东一门),1,39.95442109,116.3873259
8261311,中国工商银行24小时自助银行(德外支行),1,39.95487702,116.3799179
8262121,教场口街9号院6号楼,1,39.95520598,116.3799608
8262136,天瑞服饰,1,39.95522706,116.425657
8262140,火车票机票代售处(六铺炕二巷),1,39.95522706,116.3872471
8262562,北京黄金交易中心,1,39.95540696,116.3806472
8263298,家用电脑与游戏编缉部,1,39.95587907,116.378899
8263789,乔治白衬衫,1,39.95614302,116.425666
8264649,人定湖公园(东门),1,39.95652106,116.386598
8265316,新星火炬市场,1,39.95699009,116.4248711
8266858,德新理发馆,1,39.95748789,116.3797329
8266913,停车场,1,39.95739691,116.3826769
8266928,好利来和平里六区店,1,39.95722807,116.4246699
8267168,西城区德外培训学校,1,39.95729103,116.380512
8267775,亚力盛有色金属材料,1,39.95767113,116.3797241
8267883,上海大众汽车特约维修站,1,39.95769606,116.3671369
8268032,盛福隆便利店,1,39.95788007,116.3800611
8268043,北京大生服装缝纫培训学校,1,39.95789112,116.3805711
8268325,玉辉新德便利店,1,39.95794791,116.3830799
8268326,德胜便民超市,1,39.95799391,116.3833549
8268489,日用百货,1,39.95804891,116.3800081
8268491,移动通讯,1,39.95804711,116.3801282
8268736,京胜兴隆五金建材商店,1,39.95812395,116.38195
8268737,芙蓉烟酒店,1,39.95812395,116.3818521
8268740,国酒茅台(五路通街),1,39.95813603,116.3820369
8269146,报刊亭,1,39.95813089,116.3831329
8269405,大千装饰公司,1,39.95823009,116.3789222
8269406,华祥装饰公司,1,39.95833289,116.3789222
8269415,五路通街19号院(五路通街),1,39.95855287,116.3810492
8269876,德隆科园商贸中心,1,39.95856495,116.379759
8269939,我爱我家地坛店,1,39.95863794,116.41806
8270027,新日天龙音像和平里店,1,39.95874793,116.4180579
8270313,北京和平知友教育图书有限公司,1,39.95888208,116.4177401
8270724,柳荫加油站,1,39.9590481,116.405301
8271814,柳荫公园(东门),1,39.959449,116.405076
8272390,和平基业轮胎,1,39.95944001,116.4113631
8272552,师范大学西北楼,1,39.95993908,116.3628671
8273119,北京兴文文具店(分店),1,39.96013207,116.408292
8273926,双全利五金机电商行,1,39.96042812,116.408288
8274488,酷童宝宝童装,1,39.96080306,116.4058489
8274558,天丽虹美容美发公司国际发型艺术研发机构,1,39.9607861,116.3861561
8274923,荣宝大厦停车场,1,39.96058797,116.3955281
8275624,民航鼓楼外大街售票处,1,39.96109191,116.3955539
8276094,5月花户外,1,39.96139104,116.4247259
8276605,中小学中等职业学校教师培训中心,1,39.96169093,116.3843221
8276679,售飞机票,1,39.96175698,116.4137899
8276705,九鼎酒业,1,39.9616601,116.3945031
8276706,北京启迪兴业广告有限公司,1,39.96173591,116.3944991
8276708,北京领钧技术有限公司,1,39.96173591,116.3944991
8276709,北京兆维晓通科技有限公司(万网大厦),1,39.96173591,116.3944991
8276715,北京东方沃森科技有限公司,1,39.96179296,116.3945661
8276717,陕西中蓝科技有限责任公司,1,39.96179296,116.3945661
8276909,移动通讯(外馆斜街),1,39.96188495,116.4069549
8277077,北京和平里中医门诊部,1,39.961767,116.411337
8277278,胜玲丽夫食品冷饮商店,1,39.96211598,116.411864
8277666,燕玲妹小吃店,1,39.96185592,116.414962
8279016,鄂尔多斯(黄寺大街),1,39.96255798,116.3955539
8279017,国际假日黄寺门市部,1,39.96270112,116.3956759
8279141,北京黄寺鄂绒商贸有限公司,1,39.96300409,116.3952471
8279460,保时捷图片社,1,39.96307399,116.3957798
8279464,家友食品店,1,39.96309403,116.3958211
8279776,金泰阁办公用品超市,1,39.96310894,116.4083001
8280156,北京东豪建筑装饰工程有限公司,1,39.96360104,116.3845739
8280203,外馆斜街6号院(外馆斜街),1,39.9630871,116.4003979
8283172,东城区盲人按摩指导中心,1,39.96485301,116.4089129
8283417,华联超市,1,39.96519811,116.410021
8284181,乐齿康口腔,1,39.96568892,116.4081861
8288725,中青旅(小黄庄北街),1,39.96821202,116.410353
8288804,北京施零壹零御家厨房餐饮管理有限公司,1,39.96821895,116.410361
8289253,中国银行24小时自助银行(安贞桥支行),1,39.96843891,116.4107399
8289461,金帆旅游,1,39.96857407,116.4094561
8291804,紫风平摄影,1,39.96997291,116.384011
8292216,星巴克(安贞咖啡店),1,39.97034703,116.4014738
8303519,报刊亭,1,39.97693897,116.3730391
8307958,锦江之星旅馆北京北太平庄店,1,39.98030509,116.3746611
8308237,隆格酒店,1,39.98030997,116.3766349
8320817,北京火星科技汽车城商贸中心,1,39.98783498,116.3748569
8321791,停车场,1,39.98881395,116.3750011
8322965,报刊亭,1,39.98976594,116.368996
8328693,都市风电动车4S店,1,39.99410596,116.3688961
8332727,"SPR COFFEE",1,39.99791404,116.3667848
8334260,二里庄北里(西门),1,39.99912402,116.3650002
8334620,学院路街道住房保障资格审核窗口,1,39.99948102,116.3651011
8334710,中海普蓝技术培训中心,1,39.99966595,116.3647329
8335547,京一顺旅馆,1,40.00026797,116.3694499
8335584,盛宏达箱包皮具鞋城,1,40.00031292,116.3687821
8336082,北京百汇数字星空科技有限公司,1,40.00094088,116.387465
8336083,北京百会纵横科技有限公司,1,40.00096605,116.3874861
8336084,北京中国网球公开赛体育推广有限公司,1,40.00104798,116.387636
8336495,28元自助火锅,1,40.00154495,116.367046
8337023,中国人民大学继续教育学院(清华东路),1,40.00190297,116.3635209
8337099,中国人民大学成教学术交流中心,1,40.00167002,116.3640101
8337100,星辰驾校,1,40.00164408,116.3640329
8338149,中国农业大学国际农业培训中心,1,40.00256507,116.3611321
8338398,北京北沙滩门诊,1,40.00267499,116.3651551
8339207,智诚超市,1,40.00379012,116.3638351
8339744,千禧小吃,1,40.00450794,116.362722
8340181,中国农业大学餐卡服务,1,40.00506189,116.3602399
8340314,奥华照相,1,40.00563793,116.3642719
8340979,中国农业大学车辆工程学院学生实验基地,1,40.00646102,116.3579389
8341931,中国航天部航空总公司,1,40.00819011,116.3598701
8345568,北京培黎职业学院,1,40.02073597,116.3475091
8345800,奥康捷纳汽修站,1,40.02143101,116.3483621
8347221,丽华汽配,1,40.0264219,116.3524099
8349984,胖之友外贸服装店,1,40.03372594,116.3502778
9008207,威洁专业汽车美容装饰,1,31.08195999,121.3663631
9008619,春申汽车美容装潢轮胎,1,31.08204211,121.3666749
9032456,上海徐汇汽车运输场,1,31.11793991,121.4632079
9087730,解放全车配件,1,31.29783507,121.3378911
9116908,中国建设银行(上海真新支行),1,31.24602499,121.376003
9136002,火车票代售处,1,31.1809451,121.3927939
9136008,粤雄发廊,1,31.18083208,121.392921
9136173,虹佳招待所,1,31.17967209,121.3930149
9136270,静安面包房,1,31.18044714,121.3931671
9136972,虹影招待所,1,31.18099386,121.393779
9137633,中国移动通讯,1,31.2900959,121.3938259
9138976,上海宁宁酒店设备工程有限公司,1,31.17431798,121.394992
9138990,"DBA:Airport Support Internation",1,31.18294092,121.395231
9140456,上海旅专职业技能培训中心,1,31.18110114,121.3965949
9141716,万延航空,1,31.18195592,121.3973828
9141983,龙之宝汽车装潢,1,31.1818779,121.3975099
9142062,天鸿公寓停车场,1,31.17962304,121.3970912
9142647,久久茗茶坊,1,31.18187905,121.3980581
9142933,极品铁观音专卖店,1,31.18197887,121.398275
9143278,阿尔派世界高级汽车音响特约经销,1,31.18212889,121.3986891
9144945,上海宝进汽车销售有限公司,1,31.18251296,121.399826
9145993,上海永虹塑胶有限公司,1,31.18369587,121.4007208
9145995,海马汽车装饰中心,1,31.18361297,121.4007939
9146241,虹桥镇古北居民委员会预警网络工作小组,1,31.18274989,121.4009079
9146532,上海艺佳装饰工程有限公司,1,31.18399589,121.4011701
9146604,报刊亭,1,31.18331696,121.401257
9147206,德必房产古北吴中路房屋租售中心,1,31.18328713,121.401774
9148550,中原地产吴中店,1,31.18384502,121.4025699
9148557,上海光明黄油奶酪有限公司,1,31.18439287,121.4022661
9148658,章光101,1,31.18389493,121.4026829
9148692,上海普军汽车修理厂,1,31.18874714,121.402185
9149311,上海祥泰汽车销售有限公司,1,31.18406903,121.4030339
9149421,上海奔腾实业有限公司,1,31.18396491,121.4027479
9149589,上海聚纬电子商务有限公司,1,31.1791879,121.4031959
9149686,凯华旅游服务有限公司,1,31.18409313,121.4032361
9150162,上海鹏升投资咨询有限公司,1,31.18419696,121.4036139
9150165,上海市徐汇区宜林副食品商店(第一分店),1,31.18462405,121.4034359
9151516,上海闵行区虹桥西服商场,1,31.184904,121.404486
9152060,上海闵行区虹桥三联烟糖商店,1,31.18614395,121.4043559
9152873,大李整形喷漆,1,31.18411607,121.405176
9153271,顺发五金店,1,31.18391013,121.405295
9154009,金华苑,1,31.27688888,121.4055881
9155251,夕阳综合商店,1,31.18434898,121.4065781
9155258,上海闽福木业,1,31.18473591,121.4065721
9155676,上海协和双语高级中学,1,31.18899007,121.4067421
9157990,广发银行ATM,1,31.19091086,121.408509
9158496,上海恒尚投资管理有限公司,1,31.19087702,121.4088671
9158803,上海诚开实业有限公司(姚虹路),1,31.18958608,121.4091051
9159011,悦来美容美发,1,31.18889887,121.4093069
9160071,丽胜门窗玻璃店,1,31.18887707,121.4101129
9160073,长发五金店,1,31.18887391,121.4101481
9160412,海叶公寓(北门),1,31.18847696,121.4103061
9160706,中国移动通信(建华通信红松店),1,31.18886789,121.410524
9161636,千户家政,1,31.18879303,121.411097
9161690,青青美容美发店,1,31.18586487,121.4111261
9161995,俏贝比摄影馆,1,31.19124787,121.4113109
9162475,小江车行,1,31.18880508,121.4114219
9164487,捷运快递有限公司,1,31.19019613,121.4124659
9165074,温馨美容美发,1,31.18989096,121.4133061
9166026,台湾象王洗衣连锁,1,31.19031803,121.4133799
9166590,锦江驾校,1,31.18866195,121.4136779
9167777,拜尔口腔门诊部(龙之梦诊所),1,31.21881602,121.416623
9174785,兴业银行(分行营业部),1,31.31953505,121.4672829
9194710,华东政法大学,1,31.22386198,121.41858
9196910,麦当劳(长寿路),1,31.22962412,121.4270839
9198004,"BRILLIANT STYLE",1,31.21366312,121.4604359
9206085,四平车库,1,31.27478788,121.4989011
9206373,飞机票售票点,1,31.3112729,121.493482
9206945,汾阳路9弄小区停车场,1,31.2137609,121.455746
9212621,上海浦东发展银行(襄阳支行),1,31.20547113,121.4579941
9223886,来来永和豆浆,1,31.23521791,121.48911
9228032,停车场,1,31.21817203,121.4570231
9238604,浙江省开元安装集团有限公司,1,31.29173587,121.4899009
9239804,罗森机场金融中心店,1,31.16163501,121.7994989
9240875,黄浦区医疗保险办公室,1,31.24197807,121.483868
9254917,上海良效物业管理部,1,31.29455389,121.488595
9255342,全才家教中心,1,31.30910391,121.4916249
9258310,月亮湾,1,31.3193231,121.466445
9261331,海星美术培训中心,1,31.3082139,121.482955
9261998,LACOSTE(巴黎春天淮海店),1,31.21677508,121.4594441
9269438,上海市虹口区业余大学(分校),1,31.25873793,121.4792871
9269439,上海市建设行业岗位考核指导中心(东宝兴路),1,31.25878006,121.4793381
9278865,福建沙县特色小吃,1,31.31730696,121.4598719
9278881,东方书报亭,1,31.31771598,121.4603031
9281108,同济大学附属同济医院大华门诊部,1,31.27230397,121.418404
9283485,简爱美容美发,1,31.25654996,121.4781291
9285707,牙科,1,31.27475893,121.421344
9298481,可的,1,31.21603301,121.443541
9301817,华联超市(泰达商场319),1,31.20513991,121.4317071
9304248,上海景跃(集团)有限公司,1,31.29172814,121.4894751
9304257,上海嘉豫汽车服务有限公司,1,31.29172814,121.4894751
9305117,上海实业联合集团大药房有限公司平利店,1,31.27129498,121.426573
9307469,奇幻城堡摄影机构,1,31.20119305,121.416918
9314844,味千拉面(华狮广场),1,31.20437797,121.4678049
9314935,依法莲咖啡法式餐厅,1,31.20472008,121.467882
9315223,宁波汉通海鲜大酒店(淮海西路),1,31.19934187,121.4284941
9318012,中国农业银行ATM(天潼支行),1,31.24358391,121.4789109
9321267,停车场,1,31.22484195,121.4988501
9321694,马登国际航运商务中心停车场,1,31.25160893,121.51303
9322436,中国体育彩票,1,31.3137489,121.480527
9327521,快客,1,31.20332293,121.4649132
9334342,汽车装潢美容,1,31.31139292,121.4817869
9334559,海螺超市,1,31.19173487,121.4199338
9350166,闸北区宝德菜市场活鸡零售点,1,31.31796603,121.4624459
9353167,重庆鸡公煲,1,31.23732811,121.4495481
9372451,凯司令食品厂,1,31.29675301,121.4863148
9374076,金苑(南门),1,31.21418212,121.4438531
9375825,五环加油站,1,31.31138404,121.488593
9375831,加油站(三门路),1,31.31128607,121.4887489
9389786,南空达申汽修,1,31.3111271,121.4789109
9390062,临汾社区文化活动中心,1,31.318013,121.463216
9390067,临汾社区民族之家,1,31.318013,121.463216
9397789,高登金融大厦停车场,1,31.23316701,121.4905869
9398859,上海卡梅进出口有限公司(第一分公司),1,31.29245786,121.4880931
9410002,中国工商银行(上海市新市支行),1,31.30337298,121.481395
9411597,避风塘(肇嘉浜路),1,31.20484798,121.4662251
9413957,光明加油站,1,31.31141096,121.4870068
9425641,上海世拍家具有限公司,1,31.29201206,121.4871081
9427132,上海汽车工业技术中心,1,31.2940571,121.4887949
9427145,第二建筑有限公司第二工程经理部,1,31.29388205,121.4891348
9427631,上海洁圣洗车房,1,31.31125313,121.489858
9430481,上海顺鑫汽车配件经营部,1,31.31487488,121.4752001
9441190,停车场,1,31.31143904,121.4945791
9442468,吉祥馄饨,1,31.20473012,121.4660652
9445693,回兴汽配,1,31.31079596,121.4850599
9445695,宝山区高镜镇海龙汽配经营部,1,31.31081888,121.484965
9445698,四兴汽配,1,31.31096296,121.484797
9446840,摩托汽配,1,31.31081201,121.4857529
9451482,上海南湖职业学校(东门),1,31.31254986,121.484051
9451484,华东理工大学继续教育学院(北部校区),1,31.31255101,121.4840561
9451485,华中科技大学上海教育中心,1,31.31255187,121.4840541
9452335,明珠创意产业园区,1,31.29301109,121.4849519
9457359,上海搜索引擎竞价优化研究中心,1,31.32047794,121.48387
9460017,上海鼎锟汽配,1,31.30912396,121.4858381
9460022,金杯金龙汽配,1,31.30902198,121.4858729
9461878,远程汽配,1,31.31141612,121.4863561
9469336,上海烟草集团网络销售点,1,31.29295809,121.491524
9470249,必胜客(宝隆餐厅),1,31.29519707,121.4886219
9476033,海华花园,1,31.20415199,121.4692479
9482617,上海市南湖职业学校(边门),1,31.31190909,121.4848601
9495062,上海兴国宾馆,1,31.20987203,121.4346099
9495607,上海交通大学(徐汇校区),1,31.19941098,121.429559
9497803,复兴公园(复兴中路),1,31.21657006,121.469324
9500735,上海巴士文化体育投资有限公司,1,31.29320792,121.484795
9505820,中国工商银行(上海市第一支行),1,31.23151111,121.4932249
9506735,上海市南湖职业学校(南门),1,31.31193,121.484042
9510611,平乡县,1,37.0883312893956,115.0167542696
9510702,桂林米粉,1,39.9637341555846,116.44971370697
9510866,果园,1,40.5664659626201,117.156722545624
9510868,新城子村,1,40.6294209320437,117.325127720833
9510915,企石镇莫屋村,1,23.0710951454618,114.00097489357
9511566,成都双流机场,1,30.57916,103.958535
9511589,赣州黄金机场,1,25.845658,114.783465
9511593,泉州晋江机场,1,24.799947,118.592545
9511609,伊宁机场,1,43.95392,81.3333
9511614,那拉提机场,1,43.429684,83.379389
9511671,牧尼村,1,40.0078370061643,116.471284031868
9511678,海南师范学院金花园,1,19.9800793879053,110.507301092148
9511700,南宁百货大楼,1,22.819210932228,108.31977725029
9511815,巫溪,1,31.3948116809056,109.56905901432
9511981,柳州车辆段,1,24.2812276105658,109.369711875916
9511987,江南村,1,44.5571528565425,129.626086950302
9511988,牡丹江大桥,1,44.5571528565425,129.626086950302
10008373,苏州工业园区第六中学,1,31.3076301014151,120.825985148549
10016197,永中中学,1,27.9159999186994,120.826427042484
10051292,吉利区第一初级中学,1,34.8973651112435,112.593220844865
10198456,凯悦大酒店,1,31.2623209962345,120.518022961915
10235385,红歌坊歌城,1,31.2750429118594,120.529948063195
10340339,海口东站,1,19.9854939105941,110.343032889068
10357366,老道咖啡,1,21.4817008448208,109.109570123255
10368366,"Java Coffee Shop",1,31.2169158642689,121.442826166749
10375974,名典咖啡语茶,1,22.5193500211821,114.039600044489
10390393,良子健身,1,35.9618439103786,120.182028003037
10401215,益阳市资阳区人民政府,1,28.5909558547539,112.324475906789
10597430,重庆市花卉园(花卉园东路),1,29.5825959107264,106.516241133213
10631714,真爱酒吧,1,29.5335411434269,106.491821967065
10640299,西洋会酒吧,1,22.2264349459261,113.56216583401
11764301,食味鲜,1,30.40235,120.26558
11884439,莎莱德酒吧,1,23.05252,113.37253
14210755,南开大学,1,39.1157,117.1798
14249632,芙蓉华天大酒店,1,28.19495,113.00298
14254929,宏源客栈,1,30.986155,103.63662
14256631,中原大厦天鹅宾馆,1,34.74688,113.66463
14267238,银博大酒店,1,32.177525,115.65034
14288369,江北宾馆,1,31.856628,106.75758
14298217,燕山大厦,1,39.95462,119.60596
14300892,望旺城市旅店,1,30.616379,114.26465
14302762,泸州大酒店,1,28.89263,105.44943
14304678,新华元酒店,1,30.55356,114.31726
14306274,艾菲尔商务酒店,1,30.591145,114.26293
14310569,郑州中州快捷酒店(文化路店),1,34.779564,113.66646
14326949,三亚度假村,1,18.248068,109.50088
14338306,伴月宾馆,1,23.064367,112.45393
14342067,御花园假日金悦酒店,1,37.875755,112.56814
14345300,锺秀宾馆,1,24.522758,103.77405
14348744,滨海艾尔博国际酒店,1,39.130405,117.3592
14351221,洪城旅社,1,30.45819,106.62895
14352714,泰山宾馆,1,41.839146,123.42255
14355142,西安锦江之星南二环高新店,1,34.234634,108.918884
14359503,三门大酒店,1,29.1226,121.37366
14375959,金福宾馆,1,39.952724,119.60061
14385310,辽河宾馆,1,41.115524,122.0763
14385821,振东宾馆,1,27.919615,120.82603
14389259,商务接待中心,1,36.73894,119.14042
14391596,黄金大酒店,1,26.111526,119.31944
14399184,湖南佳程酒店,1,28.176353,112.97834
14400012,V8主题酒店,1,28.257431,112.54388
14402149,西丽酒店,1,30.679537,104.08116
14405634,金沙滩酒店,1,29.265247,120.22414
14406314,7天武汉小东门店,1,30.543468,114.31952
14406909,金麒麟酒店,1,30.678934,104.07201
14407258,莱钢大酒店,1,36.654102,116.97641
14413754,天津君隆威斯汀酒店,1,39.117733,117.20413
14419641,葫芦岛政府宾馆,1,40.75681,120.86488
14423687,兰亭宾馆,1,41.83258,123.42936
14437609,榕盛宾馆,1,26.115917,119.31343
14439468,加州客栈红琦店,1,29.57762,106.50646
14446805,爱尔99商务酒店,1,24.332312,109.41093
14454071,哈尔滨禧龙宾馆文明店,1,45.745705,126.6498
14457859,民园三三精品酒店,1,39.111137,117.20177
14460714,粤海酒店,1,34.74932,113.66496
14463281,二七宾馆,1,34.753197,113.66056
14466782,帝豪大酒店,1,30.457865,106.63277
14466821,银客宾馆(宝钻大厦店),1,31.88435,117.31372
14468056,武汉如家大东门店,1,30.539455,114.31863
14474159,潍坊速8盛海店,1,36.74561,119.14426
14479094,长沙港湾宾馆五一路总店,1,28.19179,112.97385
14480023,国信大酒店,1,31.414827,118.37021
14485187,明珠大酒店,1,35.77311,115.0147
14487735,豪庭商务酒店,1,22.236273,113.52975
14489164,天津国航酒店,1,39.130405,117.3592
14497086,金杯大酒店,1,36.184044,116.76713
14497889,鑫城玫瑰酒店,1,30.308428,112.2514
14501325,逸家宾馆,1,43.83076,125.31861
14510054,横店影星酒店,1,29.15259,120.32021
14519045,橡树5季酒店,1,34.78543,113.6632
14519277,银丰宾馆,1,24.52941,103.7649
14520412,锦华宾馆,1,23.612442,104.35031
14528570,金利大酒店,1,24.549482,103.75638
14555751,青年旅馆,1,38.930817,121.58978
14559561,成都上锦南府酒店,1,30.779741,103.92744
14564489,新天地宾馆,1,40.75618,120.86241
14568826,丰乐园大酒店,1,32.177525,115.65034
14572701,丰绅莲花酒店,1,39.07062,117.21563
14572883,水木时光酒店公寓,1,28.18399,112.99709
14576959,怡家时尚酒店,1,39.11457,117.20694
14578037,中奥商务酒店,1,31.853611,106.75013
14593427,龙泉之星,1,20.005638,110.33937
14617772,东磁大厦,1,29.15206,120.31854
14628847,济南卓瑞酒店,1,36.69065,117.12337
14632260,零点快捷酒店,1,30.4578,106.63067
14637111,哈尔滨枫叶酒店式公寓中央大街店,1,45.767677,126.62006
14652675,天津金泽大酒店,1,39.1213,117.18064
14652814,无锡千禧大酒店,1,31.53802,120.36225
14653092,振达大酒店,1,31.603786,120.2839
14657050,富苑假日酒店,1,30.6081,114.25936
14659036,晋滨国际大酒店,1,39.114635,117.18045
14659531,7天东莞厚街店,1,22.929064,113.665726
14662682,巢湖深业温泉假日度假酒店,1,31.64595,117.91617
14668946,豪柏大酒店,1,26.1098,119.31789
14670453,中南大酒店,1,34.747543,113.66442
14674138,骊龙商务酒店,1,30.506603,114.31871
14677785,北京汉庭望京科技园店,1,39.99517,116.46269
14679230,鸿运宾馆,1,30.788424,106.08493
14681235,爱大会馆,1,39.1157,117.1798
14688775,丽晶商务酒店,1,39.115738,117.20065
14695357,干部疗养院宾馆,1,31.644035,117.91842
14695652,天津汉庭塘沽外滩店,1,39.134987,117.19042
14701191,广安邻水尚居汉渝宾馆店,1,30.329527,106.92719
14702448,凯悦大酒店,1,29.119675,121.38065
14703940,深业半汤御泉庄温泉度假酒店,1,31.644035,117.91842
14703967,日航酒店,1,39.117306,117.1975
14704470,家嘉快捷酒店,1,34.746292,113.66389
14711548,格林豪泰大连西安路店,1,38.923893,121.59213
14712966,星晨宾馆,1,30.683731,104.08068
14764071,成都108火锅店(南开店),1,39.129314,117.18069
14856220,芭堤雅泰国餐厅,1,39.134727,117.19787
14871318,太白楼,1,33.277176,103.9344
14939008,天津福楼,1,39.1358,117.19759
14946389,火宫殿(五一店),1,28.19413,113.00415
14952901,小宝栗子(西安道总店),1,39.11614,117.2028
15036649,河畔爱舍,1,31.311289,120.671196
15140110,威尼斯酒吧,1,39.13485,117.1975
15142020,古堡35西餐酒吧,1,39.112038,117.20341
15186500,"Qing Wang Fu Restaurant",1,39.11378,117.20798
15197299,小伦敦西餐吧,1,39.1136,117.20142
15225862,老妈家庭厨房(三兴街店),1,28.19234,112.97382
15267150,火宫殿(坡子街总店),1,28.19053,112.97067
15824427,美达网吧,1,39.02645,117.31748
15824563,瑞皇台大浴场,1,39.03682,117.32443
15824611,亮点练歌房,1,39.02679,117.31771
15824764,利盟网吧,1,39.0377,117.3265
15830610,安然纳米汗蒸(明珠广场店),1,31.77186,117.21297
15845389,魔法乐园,1,30.50818,114.31587
15857056,永康盲人按摩院,1,30.5131,114.31609
15876411,渝宫沐足,1,30.50799,114.32279
15878740,增滘康乐园,1,23.07417,113.20201
15946548,荟萃量贩KTV,1,30.77605,103.92976
15957288,凡迪量贩式KTV,1,30.94857,121.32176
15963729,文化娱乐中心,1,25.2248,110.05525
16036686,佳腾会所,1,30.95653,121.32343
16066235,茨榆坨油区俱乐部,1,41.5126,122.89079
16089979,中国移动通信广场,1,37.42808,118.64676
16090732,3业网络休闲会所,1,30.77528,103.92883
100000268,Toria,1,35.3939347727974,104.613651037216
100001028,M2,1,31.2253026877997,121.474612355232
100001641,海南师范大学(桂林洋校区),1,19.9853527522159,110.515095591545
100001666,桂平,1,23.3861778866228,110.102062225342
100001960,邮政,1,43.8582580987117,87.5187849998474
100004002,叠溪酒店,1,32.6664428329813,106.807354688644
38793,"china club",2,39.905226,116.3895249
44751,卜蜂莲花,2,39.87899197,116.3116849
44906,火车头停车场,2,39.90132196,116.4444438
47603,瑞洁加油站,2,39.97652095,116.3766691
54565,北京威泰建筑装饰工程有限公司,2,39.88945802,116.4432191
54911,北京城建北方建筑工程公司,2,39.9715629,116.382632
56732,中科院前门招待所,2,39.89892989,116.3929471
62772,天津博多工程机械,2,39.83179088,116.4289799
65305,铁路售票处,2,39.88931705,116.2864161
65328,东船飞机火车票售店,2,39.95534502,116.425497
67874,北京雨风同舟上网服务公司,2,39.99987604,116.3675429
77768,北京华德安工科技有限公司,2,39.99130897,116.369627
201708,广州裔天服装有限公司,2,23.14213795,113.2524911
201746,加益服装配料,2,23.11626992,113.2491839
205840,广州优尔卡汽车音响,2,23.15273587,113.3016479
215732,广州酒家利口福（桂花岗店）,2,23.15003013,113.2647089
266700,"California Club ",2,31.21734109,121.467187
273748,南京东路警察署治安值勤岗,2,31.23953803,121.466492
273786,上海市公安局虹口分局曲阳路派出所,2,31.28829804,121.4963349
274234,大宁路派出所夏家荡警务室,2,31.30073914,121.461548
274895,上海理工大学学生宿舍,2,31.29019704,121.5613711
277899,向阳世界儿童用品商店,2,31.22909488,121.458439
279303,上海福田家居门窗,2,31.27030689,121.422023
281199,上海南汇建工集团书院建筑有限公司,2,31.26453606,121.4706219
281420,西藏南路拓宽工程拆房项目部,2,31.22171908,121.481401
281594,南市市政工程有限公司,2,31.20859597,121.5049029
281649,浙江舜杰建筑集团十一建筑工程公司,2,31.2704261,121.4967771
288085,金童纺织,2,31.19355207,121.461788
288375,格琳制衣工作室,2,31.21378413,121.457186
288461,上海乐振针纺织品有限公司,2,31.21407488,121.4360821
290411,上海中医药大学教学基地,2,31.30410891,121.4819559
290989,上海航空公司九亭售票处,2,31.13392393,121.3396842
291246,火车票代售处,2,31.26985697,121.423303
302843,中国联通天目东路营业厅,2,31.24971087,121.4773982
303561,美国其昌达生物高科技（上海）有限公司,2,31.20158507,121.460917
790927,绿滨杭汽发项目,2,30.27650604,120.156601
793710,锦林电器,2,30.276061,120.1561849
793714,江得利电子,2,30.27692588,120.1551821
793715,鑫安电子监控,2,30.27764713,120.1549451
795014,园林工程有限公司,2,30.29291696,120.1228078
796351,中国移动通信协亨手机,2,30.27773804,120.1548981
796424,中国移动通信,2,30.27908498,120.1557551
1169965,客悦阁韩式自助烤肉(学清路店),2,40.01578806,116.3536779
1545054,SOSOCLUB(东急店),2,23.11455514,113.248054
1545134,"SPR COFFEE(北京南站店)",2,39.86401805,116.3811709
1545324,SUSU女包(茂名北路店),2,31.22628809,121.459993
1552125,上航假期旅行社(复兴中路店),2,31.21838306,121.4816659
1554704,东方莎莎摄影(华灵路店),2,31.28013286,121.4213641
1556888,中国工商银行(宝山路支行),2,31.25393689,121.4770629
1558188,中油大华加油站(大华路店),2,31.26853387,121.414731
1558388,中石化加油站(场中路1站),2,31.30822392,121.4822801
1567319,众品桂林米粉(公兴路店),2,31.25262502,121.4755729
1574517,农记桂林米粉(新村路店),2,31.26633495,121.435491
1575028,凌云加油站(彭江路店),2,31.28476094,121.4597398
1576838,力源职业技术培训中心(茂名北路分校),2,31.22622186,121.4602609
1579136,千手摄影(新村路店),2,31.26829486,121.4107989
1582339,南天竹花艺(中山北路店),2,30.26684894,120.1679819
1607143,奥康皮鞋(延安路一店),2,30.26533098,120.1639539
1607585,好乐迪停车场(淮海中路店),2,31.22194386,121.4708941
1607755,好再来拉面馆(甘泉路店),2,31.26463092,121.4359828
1607759,好再来河南拉面馆(平型关路店),2,31.27084593,121.463617
1610207,威海路第三小学(茂名北路校区),2,31.22447697,121.4611721
1618589,山木培训(华灵路分校),2,31.27907294,121.4224139
1621262,巴黎婚纱(淮海中路店),2,31.21865287,121.4631499
1631156,我的发庄,2,30.26149805,120.1533381
1638846,明和摄影(延安路店),2,30.26491688,120.163619
1642642,有空(茂名南路店),2,31.22212105,121.4601901
1644310,杏花楼食品专卖(襄阳路店),2,31.20966299,121.4579049
1644454,来伊份(万航渡路店),2,31.22453087,121.4200991
1644702,来伊份(襄阳路店),2,31.20953796,121.4577309
1653645,永达汽车(龙吴路店),2,31.13399711,121.454187
1672001,珍珍面馆,2,31.20703514,121.480299
1672856,瑞莱新侨食品(延长路店),2,31.27417092,121.4617709
1673387,甜蜜蜜,2,39.92492694,116.4276281
1673679,田园音符营养加油站(天山路店),2,31.21551488,121.3845009
1687732,维天创作(胶州路店),2,31.23607593,121.439236
1691693,翼空间摄影机构,2,31.20881104,121.5050249
1701615,茶祖奶茶(延安西路店),2,31.21360893,121.4313259
1712779,达芙妮(华灵路店),2,31.2803959,121.4214319
1713186,远东旅行社,2,30.27496593,120.1584259
1713959,通略驾校(新村路店),2,31.26564199,121.43015
1720175,金色年华(宝山路店),2,31.25730289,121.4771729
1724524,长寿路街道社区学校,2,31.24287501,121.444062
1726675,阿牛嫂桂林米粉(顺昌路店),2,31.21355101,121.479206
1732934,风光旅行社(中河中路店),2,30.25481989,120.172241
2117055,平湖群亿铁路仓储装卸运输有限公司,2,22.69445701,114.1225541
2125834,龙岗石油公司沙鱼涌加油站,2,22.60879015,114.3611131
2167517,中国移动和平里营业厅,2,39.9514919,116.4257509
2481648,中国电信（铜川路营业厅）,2,31.25348689,121.381996
2481658,中国联通天山路双流路营业厅,2,31.2154561,121.3819571
2486112,中国移动（华展路营业厅）,2,31.11184086,121.4530098
2486386,中国电信（保德路营业厅）,2,31.31783112,121.4604231
2486448,中国移动延长路营业厅,2,31.27451794,121.4633481
2487483,中国联通四平路营业厅,2,31.27293413,121.4997061
2690658,国家大剧院贵宾停车位,2,39.90317306,116.3906679
3206417,有空(复兴中路店),2,31.21467589,121.463801
3207052,柯达冲印店(宝山路店),2,31.25145788,121.477777
3228392,柔漾(长宁路店),2,31.22386112,121.4276499
3234325,友谊商店(长寿路店),2,31.22962412,121.4270839
3242764,东方典当(斜土路店),2,31.20485314,121.4788479
3243988,福奈特洗衣店(虹梅路店),2,31.18783104,121.3875851
3245192,乱马1/2(襄阳南路店),2,31.21457209,121.4568032
3256074,面聚牛肉私房面馆(虹井路店),2,31.18568704,121.36859
3256446,南香茗茶行(襄阳南路店),2,31.20658406,121.457932
3260051,易点沙县小吃(安远路店),2,31.24202308,121.4475341
3269936,宜佳(复兴中路店),2,31.214786,121.4643841
3275325,戴柏美发学院,2,31.20679999,121.4787051
3275695,福建沙县营养小吃(凯旋路店),2,31.19453494,121.4221259
3276144,宝点(复兴中路店),2,31.21250812,121.456426
3276147,伊丝艾拉(复兴中路店),2,31.21216488,121.4561651
3278769,零售,2,39.908608,116.426753
3281008,东来面馆,2,31.25443302,121.507624
3283486,斯琴(淮海中路店),2,31.22271513,121.474269
3287969,上海豫园商城南北土特产总汇枫林店,2,31.19789302,121.4568521
3288052,滨江公园2号门,2,31.242175,121.50164
3290967,和平公园服务社,2,31.27170993,121.500724
3334973,生隆百货,2,23.12569298,113.312826
3339353,省水电机械厂招待所,2,23.1541419,113.301497
3396165,深圳金莱酒店用品有限公司,2,22.54001211,114.130765
3399187,"My Coffee",2,22.5362679,113.992703
3470143,滨杭客房,2,30.18499493,120.2281949
5069488,gucci,2,30.27233794,120.1618062
5079096,中国联通科苑路营业厅,2,30.33491308,120.1684641
5079323,杭州宏昌轴承有限公司,2,30.33117402,120.1685211
5079825,成协物流,2,30.336309,120.1685891
5099529,正宗重庆麻辣烫,2,30.33275491,120.172131
5102706,阳光小料专卖店,2,30.33214288,120.1736391
5107668,淳汾超市,2,30.33370697,120.1700761
5111876,晓晓干洗店,2,30.33411499,120.171726
5112924,杭州一心快运公司,2,30.33198401,120.173921
5113110,清江汽车洗车场,2,30.24264396,120.196516
5118895,锦都世家,2,30.24399601,120.1942502
5126098,施杭食品商店,2,30.3348199,120.170285
6013980,快客,2,23.11513393,113.26467
6014579,希尔顿,2,23.11545,113.264796
7022467,深华大厦地下停车场,2,22.54071412,114.121914
7032554,海棠汽车站,2,22.48679304,113.9161631
7033873,华都园大厦停车场,2,22.54169513,114.1230389
7033882,韩国旅游,2,22.54147806,114.12347
7043474,蛇口汽车站,2,22.490428,113.9268789
7046184,SEO-深圳SEO培训,2,22.55378285,114.034585
7047835,中国农业银行(八卦岭支行),2,22.55901897,114.1028291
7051176,金鼎大厦,2,22.54117211,114.1243532
7053787,彭年酒店地下停车场(P24),2,22.54158706,114.122713
7066078,锦绣花园(东门),2,22.5342451,113.9969771
7069279,IATA航空售票,2,22.55780989,114.1040009
7135171,TOMBAO,2,22.538836,114.1045239
7220139,花果山站,2,22.49235387,113.924824
7282113,海杰资讯有限公司,2,22.55490093,114.0306401
8015887,君益装饰装潢中心,2,39.80207291,116.3475561
8055761,骏景旅馆,2,39.85667297,116.3963931
8057001,雨生超市,2,39.85725695,116.4588751
8069670,停车场,2,39.86554488,116.3729821
8071318,北京顾京华科贸有限公司,2,39.86624407,116.339381
8086569,太平街8号院停车场,2,39.87605801,116.3886941
8121151,北京铁路国际旅行社(广莲路),2,39.89363309,116.3206421
8125890,停车场,2,39.89595589,116.325916
8129036,恒缘婚纱,2,39.89751699,116.4450208
8132474,东环居苑(西门),2,39.89903792,116.4451731
8141129,中国联通,2,39.90332712,116.2526599
8143311,中国中医科学院眼科医院,2,39.90404702,116.2500051
8146387,密云古北口商贸开发公司旅游景区管理处,2,39.90555392,116.4283459
8160668,停车场,2,39.910167,116.4302332
8166625,太姥山国际商务酒店,2,39.91255405,116.4331662
8182287,北京振华电影制片有限责任公司,2,39.91905204,116.1988209
8183414,品牌服饰折扣店(杨庄东街),2,39.91975301,116.1981141
8205955,工行ATM,2,39.92803106,116.20982
8219083,北京泰隆德商贸公司,2,39.93336197,116.209488
8221912,雍景天成,2,39.93472194,116.2096201
8222752,鸿基大厦停车场,2,39.93493095,116.4371921
8222757,东中公寓停车场,2,39.93531811,116.4372528
8233855,TIRELESS,2,39.94019705,116.32603
8239893,代售飞机票火车票,2,39.94334804,116.434757
8239894,铁路客票代售处,2,39.94335009,116.434757
8240396,东直门外小街10号院,2,39.94379993,116.445278
8247037,北京东汇汽车灯具修配厂,2,39.94733913,116.427108
8249535,中国联通(北京分公司小街桥营业厅),2,39.94899312,116.424864
8252427,台球运动学校,2,39.95078895,116.3870469
8252554,车辕汽车慧达4S工作室,2,39.95092492,116.439987
8255355,北京阳光山水旅行社,2,39.95205709,116.3688558
8256790,和平新城门诊部,2,39.952915,116.4255561
8265385,德胜社区卫生服务中心(德胜门外大街辅路),2,39.95673489,116.3801231
8266564,爱丽宫美容理发店,2,39.95738098,116.3797349
8269994,金凤成祥(新街口外大街),2,39.95858603,116.3704011
8272477,北京和平里宾馆,2,39.95984091,116.4142901
8274048,美茗蕊鲜花礼品,2,39.96055893,116.4082769
8274924,兴业银行ATM,2,39.96058797,116.3955291
8275625,兴业银行24小时自助银行(中轴路支行),2,39.96107598,116.3958459
8276702,太阳富豪汽车服务中心,2,39.96141905,116.394547
8276710,北京三吉世纪科技有限公司,2,39.96173591,116.3944991
8276716,北京东富华亿咨询有限公司,2,39.96179296,116.3945661
8276718,北京国地苑科技开发有限公司,2,39.96179296,116.3945661
8276720,东吴证券北京营业部,2,39.96185797,116.394487
8277032,尚品良衣(青年沟路),2,39.96184512,116.408412
8277111,北京飞创广告有限公司,2,39.96191297,116.394486
8286754,环球贸易中心D座,2,39.96718393,116.4107419
8289509,长野拉面,2,39.96854092,116.4103271
8293818,阿迪达斯青少年足球训练营,2,39.9714519,116.3759872
8296277,元辰鑫国际酒店,2,39.97275099,116.386315
8324996,志新北里(东门),2,39.99185892,116.3688609
8327649,麦当劳(志新路餐厅),2,39.99357811,116.368834
8332112,变色龙汽车美容装饰,2,39.99742603,116.3726069
8337554,红星美凯龙环球家居设计博览中心(北四环店),2,40.00219498,116.3700471
8338879,彩民之家,2,40.00340489,116.3645801
8340163,中国农业大学(东门),2,40.00503287,116.3610302
8340454,茗道奶茶咖啡屋,2,40.00565694,116.361747
8341303,新星通讯,2,40.00718702,116.3631461
9159007,中国电信姚虹路营业厅,2,31.18895307,121.4091178
9296707,上海奇观汽车配件中心(第一分部),2,31.31149489,121.480019
9334346,上海南湖职业技能培训中心,2,31.31164986,121.482655
9375374,木房子特色烤鱼,2,31.274101,121.464604
9413705,石化集团第三十九加油站,2,31.31223306,121.4836061
9419163,停车场,2,31.28959709,121.5019179
9444161,浦江游览售票处(外滩隧道),2,31.2314641,121.4942609
9463608,晓蓝美容美发,2,31.31334101,121.4856802
9499344,景缘假日酒店,2,31.20436191,121.463273
9510728,阿鲁科尔泌旗,2,43.9033192697053,120.063368082047
9510865,太师屯,2,40.5665556145669,117.156631350517
9510867,京承高速太师屯出口,2,40.5664415120683,117.156744003296
9511218,8740部队,2,30.760022841419,106.061925888062
9511219,8740部队修理所,2,30.760022841419,106.061925888062
9511562,北海福成机场,2,21.54052,109.29336
9511563,乌鲁木齐地窝堡机场,2,43.90326,87.474628
9511564,武汉天河机场,2,30.77302,114.21321
9511582,徐州观音机场,2,34.05391,117.56002
9511827,水客吧,2,19.9836739660925,110.514543056488
10170865,赵家楼饭店,2,39.9137390559727,116.431373097003
10356829,森堡商务咖啡休闲中心,2,20.0279311554567,110.325007103384
10464000,仁德堂大药房,2,23.3541331271181,116.396985836327
11488419,SIZZLER,2,39.99752,116.4644
11858233,湘辣风情湘菜馆,2,30.01339,122.10479
14312925,鸿旺宾馆,2,30.451242,106.63224
14324738,乔希尔城市酒店,2,30.55356,114.31726
14362366,康帝俱乐部酒店,2,22.932278,113.66352
14385901,苏州万怡酒店,2,31.31389,120.67118
14390243,广安思源酒店,2,30.454,106.625565
14472975,瑞安王朝大酒店,2,30.496767,114.33577
14487153,川渝宾馆,2,30.451242,106.63224
14567779,新桃园酒店,2,39.096096,117.21618
15834684,东方龙量贩式KTV,2,24.5341,103.75503
15834918,红叶网城,2,24.53257,103.75726
16074617,阿庐古洞,2,24.54177,103.7576
100000133,云南土鸡米线,2,25.0042516457561,102.740637660027
100000835,绿茶餐厅,2,39.9114767769631,116.474502682686
100001583,永和大王,2,22.566025,114.164408
100001765,牡丹峰,2,39.9086828351328,116.472759246826
100003624,吉晟别墅,2,40.0648366522699,116.340494155884
100003664,万州高科技开发区,2,30.7732887455931,108.439076542854
100003893,昆明机场,2,25.1001490040742,102.925436496735
100003984,华研尚街,2,39.8300354426687,109.941585659981
52198,中国建筑材料集团公司,3,39.9385341,116.3200178
52756,北京达芬奇家具有限公司,3,39.90650012,116.4294151
54901,第三建筑工程公司华青旅馆,3,39.93647111,116.3328639
63022,北京京源亚达印刷机械有限公司,3,39.79034792,116.3506249
65391,火车票代售处,3,39.89985098,116.2525241
192578,适用建材商店,3,23.11639697,113.2618419
202130,润记鞋料,3,23.11719592,113.2606751
202139,洪发皮革鞋料店,3,23.11700104,113.2604559
203334,悦福电子设备有限公司,3,23.15133815,113.300861
273732,上海市公安局普陀分局甘泉路派出所,3,31.26402306,121.437743
276091,上海中医药大学附属岳阳中西医结合医院门诊部,3,31.23050311,121.4639341
280414,虹口区新港协税办公室,3,31.27204807,121.4987479
281213,上海飞灵建筑工程管理有限公司,3,31.19215189,121.4766009
281592,上海建南土方工程运输有限公司,3,31.20805887,121.504175
288732,上海裘胜皮毛制品有限公司,3,31.22734402,121.3247221
290962,中国东方航空虹井路售票处,3,31.18373889,121.3695392
294152,三批码头便利综合商店,3,31.330677,121.5535561
301041,专家特色门诊部,3,31.25823092,121.5046658
485225,海港国际货运代理有限公司,3,22.53835694,114.128008
790787,洪航管理处,3,30.2650999,120.1707969
795233,留下镇石马村农居配套工程指挥部,3,30.20972289,120.024747
795433,浙江省广播电视电子电器市场,3,30.27708107,120.1550379
1627196,德瑞佳母婴服务机构(淮海中路店),3,31.21644706,121.4574968
1670059,独立衣着,3,30.27522392,120.1575589
1732893,颜色摄影工作室(玉田路店),3,31.27864599,121.4933781
2051769,旺福百货,3,23.13587998,113.208709
2118082,华熙汽车销售服务有限公司,3,22.54570085,114.142045
2486713,中国移动天目路营业厅,3,31.24895903,121.4752128
2486749,中国铁通交通路营业厅,3,31.251766,121.4762669
2559430,广渠门北里,3,39.89659793,116.442336
2693877,昌黎航天假日酒店北京办事处,3,39.79933504,116.4224601
3165393,心悦颜新美容美发,3,39.92784106,116.3242339
3168683,宏益通台球用品总汇(阜成门店),3,39.92163497,116.3555571
3173463,瑞蚨祥(大栅栏店),3,39.89609711,116.3968122
3233661,ME&CITY(淮海中路店),3,31.21906002,121.4648981
3241507,福建沙县小吃,3,31.25380189,121.473459
3250026,天天喝奶茶,3,31.19658697,121.4628519
3269943,"NEWS BUG(瑞金店)",3,31.21484506,121.4646939
3312180,智业百货,3,31.20676788,121.4806011
3404188,芙蓉宾馆有限责任公司商务中心,3,22.53818786,114.127661
3460234,大嘴小吃,3,30.26206796,120.181049
3583749,南方日报社,3,23.12292102,113.314257
6065038,停车场,3,23.11740406,113.2575561
7003342,吉野家(嘉宾路),3,22.53953306,114.120129
7013922,龙岗区富昌热收缩膜胶袋制品厂,3,22.53648994,114.0597361
7066959,新景佳门窗,3,22.55609301,113.9036379
7069267,银泉酒店,3,22.55743308,114.1036442
7084497,7-Eleven便利店(八卦一路),3,22.55671505,114.102294
7085025,华兴汽车快修美容中心,3,22.54193698,114.1234861
8062784,99旅馆连锁,3,39.86064003,116.452697
8074546,凌云龙华名烟名酒,3,39.8685431,116.3389831
8137205,停车场,3,39.9005241,116.4343031
8137621,北蜂窝路15号院(西门),3,39.90113497,116.3274301
8147053,肯德基(北京站东街),3,39.90550994,116.427961
8147404,中国工商银行(花鸟鱼虫),3,39.90550711,116.2516101
8189925,停车场,3,39.9224889,116.390513
8220983,大普汽车配件经销部,3,39.93418104,116.2070988
8246880,加油站,3,39.94699701,116.366002
8269412,家美康便利店,3,39.95801602,116.3812802
8279860,北京赤羽商务酒店,3,39.96336103,116.4083121
8290570,三环宾馆餐厅,3,39.96904609,116.3885292
8324926,中国建设银行(齐园路储蓄所),3,39.99174795,116.3695059
8351886,成都美食(建材城西路),3,40.05693392,116.3319449
9074400,上海驰达汽车销售服务有限公司,3,31.2965559,121.2927891
9159006,慧通房地产,3,31.18912689,121.409096
9253162,华尔登广场,3,31.215748,121.4474909
9277446,牛奶棚,3,31.31809607,121.4612221
9322434,靓丽美容美发,3,31.31427909,121.480471
9444364,香香美容美发,3,31.31318003,121.4856771
9487389,金杯汽配,3,31.31405395,121.4846991
9499741,中国石化加油站,3,31.3172809,121.4858039
9511992,朝阳人才,3,39.9628131589661,116.453077197075
11807999,"Dunkin' Donuts",3,0,0
14351856,海航紫荆花饭店,3,43.857895,125.32547
100001668,大乙岭林化厂租屋,3,23.487745042632,110.394819974899
100003663,纵乐迪歌城,3,30.8104447403171,108.37736427784
48354,紫竹加油站,4,39.93863487,116.319522
55069,第1建筑工程公司料具储运公司,4,39.79070113,116.3501002
76463,北京稻香春食品公司和平里食品店,4,39.95909307,116.418233
77619,东方融尚（北京）科技有限公司,4,39.95486288,116.361813
187840,广州市公安局荔湾区分局刑事警察大队,4,23.11784192,113.249554
202151,达盛鞋料商行,4,23.11691192,113.2597639
288514,佳利裁缝店,4,31.27190192,121.4970779
288543,博艺服饰,4,31.26722306,121.437675
301148,上海元祖食品（玉田店）,4,31.27910389,121.495092
657206,广州市公安局天河区分局前进街派出所莲溪社区警务室,4,23.10967802,113.424831
793589,杭越电子,4,30.27709207,120.155109
793711,秋叶原专卖,4,30.27700289,120.1551469
797012,金达云南大理苍山旅行社,4,30.26384688,120.1678411
1545555,"The-J Studio",4,31.19804587,121.4650151
1607565,好丝伦,4,23.11529089,113.2499161
1611813,安飞士汽车租赁(复兴中路店),4,31.21477195,121.4643311
1642648,有缘相识婚庆服务部,4,39.92485392,116.4308698
1717853,金宝典当,4,30.27587193,120.1555261
2116538,深圳布吉客货运输站,4,22.61309692,114.1109049
2117511,厨博士厨具有限公司,4,22.53970802,114.1301689
2373565,浙江铁道生活实业发展有限公司清三单身公寓,4,30.24190507,120.190086
2486866,长三角国际中小企业服务外包产业园,4,31.20767691,121.4814781
3250003,苏州羊肉面馆,4,31.20043996,121.4601921
3281948,贝拉维拉(复兴中路店),4,31.21325107,121.4606169
3282006,藏乐坊,4,31.2196349,121.4564431
3302205,立波招待所,4,31.13464999,121.413927
3303623,京沪食品商场(三路居店),4,39.873258,116.3378079
3623478,杭州市朝晖八区,4,30.29092288,120.1587729
3750487,南戴河海,4,39.78634563,119.4255871
5077854,杭州广告制作公司,4,30.32861005,120.167135
7043141,太阳岛大厦,4,22.5404379,114.1237031
7046186,深圳网站优化-搜索引擎优化,4,22.55378285,114.034585
7066955,和顺商行,4,22.55610292,113.903493
7072000,乡村国际俱乐部,4,22.51816909,114.0640621
7153639,"富胜鼎明LED光电led display",4,22.57477507,113.875769
7314865,云海谷体育公园,4,22.62992098,114.2891531
8011074,鑫起达,4,39.78978991,116.3562411
8248126,政交通一卡通公交充值点,4,39.94810406,116.3682969
8255353,世纪经典旅行社,4,39.95205709,116.3688558
8264530,上网服务店,4,39.95659996,116.424909
8276543,北广家园,4,39.96131703,116.3832539
8283481,天坛家具城股份有限公司,4,39.96525696,116.4094591
8339736,云南李家过桥米线,4,40.00450794,116.362722
9174071,可的(茂名北路店),4,31.22599795,121.4603611
9230730,快客,4,31.19726695,121.4284361
9511569,合肥骆岗机场,4,31.77964,117.307546
9512049,左岸,4,39.9490378454712,116.476600170135
10503675,平价大药房,4,27.5392650204928,109.965891167521
100001763,携手一起走,4,39.9321911845638,116.344474554062
47160,中国建材对外公司宿舍,5,39.95052294,116.362325
47650,自营加油站(NO.009),5,39.94714609,116.366062
794805,浙江五洲工程项目管理有限公司,5,30.27482087,120.1578419
1566091,今生佳约,5,31.19661794,121.4620459
1581675,协亨手机连锁(宜川店),5,31.26427297,121.4364499
1612572,宜服外贸,5,39.85656796,116.388208
3308833,摩登假日酒店餐厅,5,31.20932405,121.5023521
3622566,房地产权登记中心,5,22.57068908,114.084515
7022465,阳光酒店站,5,22.54060512,114.1221779
7022495,英煌俱乐部,5,22.54087112,114.1223982
8143474,北京国际雕塑公园,5,39.9043019,116.2505171
8230621,停车场,5,39.93890608,116.32218
8252474,北京稻香村左家庄专卖店,5,39.95083393,116.4399739
8262560,上海浦东发展银行24小时自助银行(德外支行),5,39.95539103,116.3804809
8274869,如家快捷酒店(北京德外店),5,39.96065812,116.381886
8275623,永诚保险,5,39.96125098,116.3955029
8341749,经典发艺,5,40.00788092,116.3626559
47648,太平湖加油站,6,39.94705999,116.3660968
292313,上海南桦贸易有限公司,6,31.27217301,121.4981139
485751,"Four Points by Sheraton Shenzhen",6,22.512091,114.063009
3135253,莎莲奴,6,23.11319403,113.2436709
3135681,莎莲奴(上九店),6,23.11549903,113.2503051
3459680,老海朋友旅馆,6,30.33741294,120.202048
8237148,停车场,6,39.94174994,116.4409892
8255786,北京吉祥航空售票中心,6,39.95230588,116.3619451
8264455,停车场,6,39.95648894,116.3790519
8276712,东吴证券有限责任公司,6,39.96173591,116.3944991
8281906,东恒台球,6,39.96443389,116.3878539
293382,上海东风汽车电器厂,7,31.27280804,121.49692
697442,城市管理综合执法支队荔湾大队岭南中队,7,23.11105088,113.2453919
1700280,苏州面馆,7,31.21396907,121.4359399
1700938,英茉缇婚纱行,7,31.20691986,121.5026518
2562961,首体宿舍,7,39.93945697,116.322693
7046185,金仕科技有限公司,7,22.55378285,114.034585
8149159,停车场,7,39.90622904,116.4298409
8247609,富士地铁冲扩,7,39.9478591,116.3643511
8249894,万国旅游城停车场,7,39.94934988,116.426577
8261320,德胜门机动车配件供应站,7,39.95485902,116.38205
8308935,雕刻时光咖啡馆(外经贸店),7,39.98074004,116.4240051
9510684,动物园,7,39.721505690618,116.162819266319
76018,云南商店,8,39.89577712,116.3944401
201743,广丽珠饰服装配料,8,23.11582589,113.2493559
794296,留下镇石马村基层工会联合会,8,30.20960294,120.024585
3623825,中信城市广场,8,22.54051377,114.0967995
8269877,北京广和汽车维修中心,8,39.95856007,116.3800309
44329,京城仁合停车场,9,39.8975121,116.442568
288563,上海华绅西服厂,9,31.28301312,121.495033
6052165,广州国际贸易眼镜中心停车场,9,23.11896987,113.251784
8228940,地安门商场,9,39.93813308,116.3957389
8267838,川情人家,9,39.95762795,116.3780729
8292053,停车场,9,39.97003201,116.4006082
9511685,健身,9,30.5160027251605,114.410237073898
1556917,中国工商银行(庆春路支行银江分理处),10,30.25902,120.1804901
2582806,局门后路85弄公房,10,31.20849991,121.481
8146522,国家大剧院,10,39.90478002,116.3897529
8287327,招商银行24小时自助银行(北三环支行),10,39.96743292,116.4107731
100001962,网球场,10,43.8581884738381,87.5185436010361
189913,金贵加油站,11,23.15391501,113.3004121
201706,友诚服装设备行,11,23.11723909,113.251504
795297,杭州耀江建筑装饰工程有限公司,11,30.2630039,120.1827301
100001945,中国邮政,11,43.8583199874199,87.5186240673065
100001959,乒乓球场,11,43.8582697028493,87.5184416770935
3466039,杭州天时贸易公司,12,30.27254903,120.1663629
8276714,中国人寿财产保险东城支公司,12,39.96178705,116.3945651
10338684,北京西站,12,39.895457899911,116.321274116635
201737,圣登服装配料,13,23.117199,113.2487889
794873,西湖区市政工程有限公司市政设施巡察站,13,30.28085896,120.1411649
795277,杭州山立地基基础工程有限公司,13,30.33769391,120.1111221
3250326,乐婷鲜花婚庆,13,31.26223387,121.507858
8215165,北京世纪国建宾馆,14,39.93212511,116.3274932
8262255,金恒星台球,14,39.95527897,116.380499
100001961,足球场,15,43.8581884738381,87.5185436010361
697445,广州市公安局荔湾区龙津派出所都堂社区警务室,16,23.120367,113.2484429
100002491,横港学校,16,32.102034960196,120.896966457367
292650,上海铸跃自控电器有限公司,18,31.21057199,121.501465
2690082,圣莎名景咖啡厅,18,39.95696387,116.3796749
797112,千岛湖国际旅行社,19,30.25895803,120.161426
1545435,"Taste Cafe",19,39.90347707,116.427622
8261679,五色咖啡,21,39.95497905,116.3788259
100001958,篮球场,21,43.8581884738381,87.5185704231262
9510630,北湖渠村口,25,40.0075781442845,116.448785662651
1711112,赛特国际旅行社,26,39.93394812,116.3893291
292386,美国利华贸易有限公司上海代表处,31,31.28521394,121.4963299
9511560,首都机场T2航站楼,32,40.07974,116.593102
9511833,海口市宝发幸福酒店,36,39.9435228303991,116.408450603485
203553,欣汇缝纫整烫设备行,40,23.11674109,113.2517491
2658722,深圳宝安机场,41,22.645858,113.819132
9510733,美食家,41,39.7216624820266,116.161891222
3260549,都会饮休闲小站,42,39.92594512,116.393727
3267627,豫申园城隍庙小吃世界(番禺路店),42,31.19901894,121.4294339
8291543,国家知识产权局知识产权出版社,63,39.96982697,116.3783509
54402,工商工作站,91,39.93132992,116.3938798
3172985,永昌宠物保健中心,99,39.92735101,116.3930712
2690691,百花牌蜂产品北海公园店,101,39.92602406,116.3912529
65345,火车票飞机票售票处,102,39.92741503,116.3937769
